[2025-10-28T00:46:24.367+0000] {processor.py:157} INFO - Started process (PID=41) to work on /opt/airflow/dags/dag_example2.py
[2025-10-28T00:46:24.368+0000] {processor.py:829} INFO - Processing file /opt/airflow/dags/dag_example2.py for tasks to queue
[2025-10-28T00:46:24.369+0000] {logging_mixin.py:151} INFO - [2025-10-28T00:46:24.369+0000] {dagbag.py:539} INFO - Filling up the DagBag from /opt/airflow/dags/dag_example2.py
[2025-10-28T00:46:24.563+0000] {logging_mixin.py:151} INFO - [2025-10-28T00:46:24.373+0000] {dagbag.py:347} ERROR - Failed to import: /opt/airflow/dags/dag_example2.py
Traceback (most recent call last):
  File "/home/airflow/.local/lib/python3.8/site-packages/airflow/models/dagbag.py", line 343, in parse
    loader.exec_module(new_module)
  File "<frozen importlib._bootstrap_external>", line 843, in exec_module
  File "<frozen importlib._bootstrap>", line 219, in _call_with_frames_removed
  File "/opt/airflow/dags/dag_example2.py", line 1, in <module>
    @dag(
NameError: name 'dag' is not defined
[2025-10-28T00:46:24.565+0000] {processor.py:841} WARNING - No viable dags retrieved from /opt/airflow/dags/dag_example2.py
[2025-10-28T00:46:24.644+0000] {processor.py:179} INFO - Processing /opt/airflow/dags/dag_example2.py took 0.280 seconds
[2025-10-28T00:46:55.079+0000] {processor.py:157} INFO - Started process (PID=50) to work on /opt/airflow/dags/dag_example2.py
[2025-10-28T00:46:55.086+0000] {processor.py:829} INFO - Processing file /opt/airflow/dags/dag_example2.py for tasks to queue
[2025-10-28T00:46:55.144+0000] {logging_mixin.py:151} INFO - [2025-10-28T00:46:55.142+0000] {dagbag.py:539} INFO - Filling up the DagBag from /opt/airflow/dags/dag_example2.py
[2025-10-28T00:46:55.257+0000] {logging_mixin.py:151} INFO - [2025-10-28T00:46:55.211+0000] {dagbag.py:347} ERROR - Failed to import: /opt/airflow/dags/dag_example2.py
Traceback (most recent call last):
  File "/home/airflow/.local/lib/python3.8/site-packages/airflow/models/dagbag.py", line 343, in parse
    loader.exec_module(new_module)
  File "<frozen importlib._bootstrap_external>", line 843, in exec_module
  File "<frozen importlib._bootstrap>", line 219, in _call_with_frames_removed
  File "/opt/airflow/dags/dag_example2.py", line 1, in <module>
    @dag(
NameError: name 'dag' is not defined
[2025-10-28T00:46:55.260+0000] {processor.py:841} WARNING - No viable dags retrieved from /opt/airflow/dags/dag_example2.py
[2025-10-28T00:46:55.618+0000] {processor.py:179} INFO - Processing /opt/airflow/dags/dag_example2.py took 0.653 seconds
[2025-10-28T00:47:26.413+0000] {processor.py:157} INFO - Started process (PID=59) to work on /opt/airflow/dags/dag_example2.py
[2025-10-28T00:47:26.416+0000] {processor.py:829} INFO - Processing file /opt/airflow/dags/dag_example2.py for tasks to queue
[2025-10-28T00:47:26.440+0000] {logging_mixin.py:151} INFO - [2025-10-28T00:47:26.437+0000] {dagbag.py:539} INFO - Filling up the DagBag from /opt/airflow/dags/dag_example2.py
[2025-10-28T00:47:26.470+0000] {logging_mixin.py:151} INFO - [2025-10-28T00:47:26.461+0000] {dagbag.py:347} ERROR - Failed to import: /opt/airflow/dags/dag_example2.py
Traceback (most recent call last):
  File "/home/airflow/.local/lib/python3.8/site-packages/airflow/models/dagbag.py", line 343, in parse
    loader.exec_module(new_module)
  File "<frozen importlib._bootstrap_external>", line 843, in exec_module
  File "<frozen importlib._bootstrap>", line 219, in _call_with_frames_removed
  File "/opt/airflow/dags/dag_example2.py", line 1, in <module>
    @dag(
NameError: name 'dag' is not defined
[2025-10-28T00:47:26.471+0000] {processor.py:841} WARNING - No viable dags retrieved from /opt/airflow/dags/dag_example2.py
[2025-10-28T00:47:26.540+0000] {processor.py:179} INFO - Processing /opt/airflow/dags/dag_example2.py took 0.150 seconds
[2025-10-28T00:47:57.354+0000] {processor.py:157} INFO - Started process (PID=68) to work on /opt/airflow/dags/dag_example2.py
[2025-10-28T00:47:57.357+0000] {processor.py:829} INFO - Processing file /opt/airflow/dags/dag_example2.py for tasks to queue
[2025-10-28T00:47:57.373+0000] {logging_mixin.py:151} INFO - [2025-10-28T00:47:57.370+0000] {dagbag.py:539} INFO - Filling up the DagBag from /opt/airflow/dags/dag_example2.py
[2025-10-28T00:47:57.387+0000] {logging_mixin.py:151} INFO - [2025-10-28T00:47:57.382+0000] {dagbag.py:347} ERROR - Failed to import: /opt/airflow/dags/dag_example2.py
Traceback (most recent call last):
  File "/home/airflow/.local/lib/python3.8/site-packages/airflow/models/dagbag.py", line 343, in parse
    loader.exec_module(new_module)
  File "<frozen importlib._bootstrap_external>", line 843, in exec_module
  File "<frozen importlib._bootstrap>", line 219, in _call_with_frames_removed
  File "/opt/airflow/dags/dag_example2.py", line 1, in <module>
    @dag(
NameError: name 'dag' is not defined
[2025-10-28T00:47:57.387+0000] {processor.py:841} WARNING - No viable dags retrieved from /opt/airflow/dags/dag_example2.py
[2025-10-28T00:47:57.552+0000] {processor.py:179} INFO - Processing /opt/airflow/dags/dag_example2.py took 0.215 seconds
[2025-10-28T00:48:45.043+0000] {processor.py:157} INFO - Started process (PID=77) to work on /opt/airflow/dags/dag_example2.py
[2025-10-28T00:48:45.058+0000] {processor.py:829} INFO - Processing file /opt/airflow/dags/dag_example2.py for tasks to queue
[2025-10-28T00:48:45.123+0000] {logging_mixin.py:151} INFO - [2025-10-28T00:48:45.104+0000] {dagbag.py:539} INFO - Filling up the DagBag from /opt/airflow/dags/dag_example2.py
[2025-10-28T00:48:45.213+0000] {logging_mixin.py:151} INFO - [2025-10-28T00:48:45.187+0000] {dagbag.py:347} ERROR - Failed to import: /opt/airflow/dags/dag_example2.py
Traceback (most recent call last):
  File "/home/airflow/.local/lib/python3.8/site-packages/airflow/models/dagbag.py", line 343, in parse
    loader.exec_module(new_module)
  File "<frozen importlib._bootstrap_external>", line 843, in exec_module
  File "<frozen importlib._bootstrap>", line 219, in _call_with_frames_removed
  File "/opt/airflow/dags/dag_example2.py", line 1, in <module>
    @dag(
NameError: name 'dag' is not defined
[2025-10-28T00:48:45.214+0000] {processor.py:841} WARNING - No viable dags retrieved from /opt/airflow/dags/dag_example2.py
[2025-10-28T00:48:45.501+0000] {processor.py:179} INFO - Processing /opt/airflow/dags/dag_example2.py took 0.501 seconds
[2025-10-28T00:49:16.416+0000] {processor.py:157} INFO - Started process (PID=93) to work on /opt/airflow/dags/dag_example2.py
[2025-10-28T00:49:16.422+0000] {processor.py:829} INFO - Processing file /opt/airflow/dags/dag_example2.py for tasks to queue
[2025-10-28T00:49:16.446+0000] {logging_mixin.py:151} INFO - [2025-10-28T00:49:16.444+0000] {dagbag.py:539} INFO - Filling up the DagBag from /opt/airflow/dags/dag_example2.py
[2025-10-28T00:49:16.507+0000] {logging_mixin.py:151} INFO - [2025-10-28T00:49:16.490+0000] {dagbag.py:347} ERROR - Failed to import: /opt/airflow/dags/dag_example2.py
Traceback (most recent call last):
  File "/home/airflow/.local/lib/python3.8/site-packages/airflow/models/dagbag.py", line 343, in parse
    loader.exec_module(new_module)
  File "<frozen importlib._bootstrap_external>", line 843, in exec_module
  File "<frozen importlib._bootstrap>", line 219, in _call_with_frames_removed
  File "/opt/airflow/dags/dag_example2.py", line 1, in <module>
    @dag(
NameError: name 'dag' is not defined
[2025-10-28T00:49:16.508+0000] {processor.py:841} WARNING - No viable dags retrieved from /opt/airflow/dags/dag_example2.py
[2025-10-28T00:49:16.661+0000] {processor.py:179} INFO - Processing /opt/airflow/dags/dag_example2.py took 0.265 seconds
[2025-10-28T00:49:47.201+0000] {processor.py:157} INFO - Started process (PID=102) to work on /opt/airflow/dags/dag_example2.py
[2025-10-28T00:49:47.207+0000] {processor.py:829} INFO - Processing file /opt/airflow/dags/dag_example2.py for tasks to queue
[2025-10-28T00:49:47.216+0000] {logging_mixin.py:151} INFO - [2025-10-28T00:49:47.215+0000] {dagbag.py:539} INFO - Filling up the DagBag from /opt/airflow/dags/dag_example2.py
[2025-10-28T00:49:47.228+0000] {logging_mixin.py:151} INFO - [2025-10-28T00:49:47.224+0000] {dagbag.py:347} ERROR - Failed to import: /opt/airflow/dags/dag_example2.py
Traceback (most recent call last):
  File "/home/airflow/.local/lib/python3.8/site-packages/airflow/models/dagbag.py", line 343, in parse
    loader.exec_module(new_module)
  File "<frozen importlib._bootstrap_external>", line 843, in exec_module
  File "<frozen importlib._bootstrap>", line 219, in _call_with_frames_removed
  File "/opt/airflow/dags/dag_example2.py", line 1, in <module>
    @dag(
NameError: name 'dag' is not defined
[2025-10-28T00:49:47.232+0000] {processor.py:841} WARNING - No viable dags retrieved from /opt/airflow/dags/dag_example2.py
[2025-10-28T00:49:47.351+0000] {processor.py:179} INFO - Processing /opt/airflow/dags/dag_example2.py took 0.163 seconds
[2025-10-28T00:50:39.697+0000] {processor.py:157} INFO - Started process (PID=40) to work on /opt/airflow/dags/dag_example2.py
[2025-10-28T00:50:39.700+0000] {processor.py:829} INFO - Processing file /opt/airflow/dags/dag_example2.py for tasks to queue
[2025-10-28T00:50:39.707+0000] {logging_mixin.py:151} INFO - [2025-10-28T00:50:39.706+0000] {dagbag.py:539} INFO - Filling up the DagBag from /opt/airflow/dags/dag_example2.py
[2025-10-28T00:50:39.878+0000] {logging_mixin.py:151} INFO - [2025-10-28T00:50:39.718+0000] {dagbag.py:347} ERROR - Failed to import: /opt/airflow/dags/dag_example2.py
Traceback (most recent call last):
  File "/home/airflow/.local/lib/python3.8/site-packages/airflow/models/dagbag.py", line 343, in parse
    loader.exec_module(new_module)
  File "<frozen importlib._bootstrap_external>", line 843, in exec_module
  File "<frozen importlib._bootstrap>", line 219, in _call_with_frames_removed
  File "/opt/airflow/dags/dag_example2.py", line 1, in <module>
    @dag(
NameError: name 'dag' is not defined
[2025-10-28T00:50:39.882+0000] {processor.py:841} WARNING - No viable dags retrieved from /opt/airflow/dags/dag_example2.py
[2025-10-28T00:50:39.912+0000] {processor.py:179} INFO - Processing /opt/airflow/dags/dag_example2.py took 0.222 seconds
[2025-10-28T00:51:10.118+0000] {processor.py:157} INFO - Started process (PID=49) to work on /opt/airflow/dags/dag_example2.py
[2025-10-28T00:51:10.121+0000] {processor.py:829} INFO - Processing file /opt/airflow/dags/dag_example2.py for tasks to queue
[2025-10-28T00:51:10.145+0000] {logging_mixin.py:151} INFO - [2025-10-28T00:51:10.143+0000] {dagbag.py:539} INFO - Filling up the DagBag from /opt/airflow/dags/dag_example2.py
[2025-10-28T00:51:10.194+0000] {logging_mixin.py:151} INFO - [2025-10-28T00:51:10.179+0000] {dagbag.py:347} ERROR - Failed to import: /opt/airflow/dags/dag_example2.py
Traceback (most recent call last):
  File "/home/airflow/.local/lib/python3.8/site-packages/airflow/models/dagbag.py", line 343, in parse
    loader.exec_module(new_module)
  File "<frozen importlib._bootstrap_external>", line 843, in exec_module
  File "<frozen importlib._bootstrap>", line 219, in _call_with_frames_removed
  File "/opt/airflow/dags/dag_example2.py", line 1, in <module>
    @dag(
NameError: name 'dag' is not defined
[2025-10-28T00:51:10.196+0000] {processor.py:841} WARNING - No viable dags retrieved from /opt/airflow/dags/dag_example2.py
[2025-10-28T00:51:10.369+0000] {processor.py:179} INFO - Processing /opt/airflow/dags/dag_example2.py took 0.286 seconds
[2025-10-28T00:51:40.735+0000] {processor.py:157} INFO - Started process (PID=58) to work on /opt/airflow/dags/dag_example2.py
[2025-10-28T00:51:40.739+0000] {processor.py:829} INFO - Processing file /opt/airflow/dags/dag_example2.py for tasks to queue
[2025-10-28T00:51:40.762+0000] {logging_mixin.py:151} INFO - [2025-10-28T00:51:40.761+0000] {dagbag.py:539} INFO - Filling up the DagBag from /opt/airflow/dags/dag_example2.py
[2025-10-28T00:51:40.809+0000] {logging_mixin.py:151} INFO - [2025-10-28T00:51:40.785+0000] {dagbag.py:347} ERROR - Failed to import: /opt/airflow/dags/dag_example2.py
Traceback (most recent call last):
  File "/home/airflow/.local/lib/python3.8/site-packages/airflow/models/dagbag.py", line 343, in parse
    loader.exec_module(new_module)
  File "<frozen importlib._bootstrap_external>", line 843, in exec_module
  File "<frozen importlib._bootstrap>", line 219, in _call_with_frames_removed
  File "/opt/airflow/dags/dag_example2.py", line 1, in <module>
    @dag(
NameError: name 'dag' is not defined
[2025-10-28T00:51:40.810+0000] {processor.py:841} WARNING - No viable dags retrieved from /opt/airflow/dags/dag_example2.py
[2025-10-28T00:51:40.863+0000] {processor.py:179} INFO - Processing /opt/airflow/dags/dag_example2.py took 0.144 seconds
[2025-10-28T00:52:11.450+0000] {processor.py:157} INFO - Started process (PID=74) to work on /opt/airflow/dags/dag_example2.py
[2025-10-28T00:52:11.452+0000] {processor.py:829} INFO - Processing file /opt/airflow/dags/dag_example2.py for tasks to queue
[2025-10-28T00:52:11.456+0000] {logging_mixin.py:151} INFO - [2025-10-28T00:52:11.456+0000] {dagbag.py:539} INFO - Filling up the DagBag from /opt/airflow/dags/dag_example2.py
[2025-10-28T00:52:11.464+0000] {logging_mixin.py:151} INFO - [2025-10-28T00:52:11.462+0000] {dagbag.py:347} ERROR - Failed to import: /opt/airflow/dags/dag_example2.py
Traceback (most recent call last):
  File "/home/airflow/.local/lib/python3.8/site-packages/airflow/models/dagbag.py", line 343, in parse
    loader.exec_module(new_module)
  File "<frozen importlib._bootstrap_external>", line 843, in exec_module
  File "<frozen importlib._bootstrap>", line 219, in _call_with_frames_removed
  File "/opt/airflow/dags/dag_example2.py", line 1, in <module>
    @dag(
NameError: name 'dag' is not defined
[2025-10-28T00:52:11.464+0000] {processor.py:841} WARNING - No viable dags retrieved from /opt/airflow/dags/dag_example2.py
[2025-10-28T00:52:11.491+0000] {processor.py:179} INFO - Processing /opt/airflow/dags/dag_example2.py took 0.048 seconds
[2025-10-28T00:52:41.920+0000] {processor.py:157} INFO - Started process (PID=83) to work on /opt/airflow/dags/dag_example2.py
[2025-10-28T00:52:41.923+0000] {processor.py:829} INFO - Processing file /opt/airflow/dags/dag_example2.py for tasks to queue
[2025-10-28T00:52:41.947+0000] {logging_mixin.py:151} INFO - [2025-10-28T00:52:41.944+0000] {dagbag.py:539} INFO - Filling up the DagBag from /opt/airflow/dags/dag_example2.py
[2025-10-28T00:52:41.982+0000] {logging_mixin.py:151} INFO - [2025-10-28T00:52:41.972+0000] {dagbag.py:347} ERROR - Failed to import: /opt/airflow/dags/dag_example2.py
Traceback (most recent call last):
  File "/home/airflow/.local/lib/python3.8/site-packages/airflow/models/dagbag.py", line 343, in parse
    loader.exec_module(new_module)
  File "<frozen importlib._bootstrap_external>", line 843, in exec_module
  File "<frozen importlib._bootstrap>", line 219, in _call_with_frames_removed
  File "/opt/airflow/dags/dag_example2.py", line 1, in <module>
    @dag(
NameError: name 'dag' is not defined
[2025-10-28T00:52:41.983+0000] {processor.py:841} WARNING - No viable dags retrieved from /opt/airflow/dags/dag_example2.py
[2025-10-28T00:52:42.058+0000] {processor.py:179} INFO - Processing /opt/airflow/dags/dag_example2.py took 0.171 seconds
[2025-10-28T00:53:27.098+0000] {processor.py:157} INFO - Started process (PID=85) to work on /opt/airflow/dags/dag_example2.py
[2025-10-28T00:53:27.112+0000] {processor.py:829} INFO - Processing file /opt/airflow/dags/dag_example2.py for tasks to queue
[2025-10-28T00:53:27.157+0000] {logging_mixin.py:151} INFO - [2025-10-28T00:53:27.156+0000] {dagbag.py:539} INFO - Filling up the DagBag from /opt/airflow/dags/dag_example2.py
[2025-10-28T00:53:27.195+0000] {logging_mixin.py:151} INFO - [2025-10-28T00:53:27.186+0000] {dagbag.py:347} ERROR - Failed to import: /opt/airflow/dags/dag_example2.py
Traceback (most recent call last):
  File "/home/airflow/.local/lib/python3.8/site-packages/airflow/models/dagbag.py", line 343, in parse
    loader.exec_module(new_module)
  File "<frozen importlib._bootstrap_external>", line 843, in exec_module
  File "<frozen importlib._bootstrap>", line 219, in _call_with_frames_removed
  File "/opt/airflow/dags/dag_example2.py", line 1, in <module>
    @dag(
NameError: name 'dag' is not defined
[2025-10-28T00:53:27.196+0000] {processor.py:841} WARNING - No viable dags retrieved from /opt/airflow/dags/dag_example2.py
[2025-10-28T00:53:27.350+0000] {processor.py:179} INFO - Processing /opt/airflow/dags/dag_example2.py took 0.317 seconds
[2025-10-28T00:53:57.811+0000] {processor.py:157} INFO - Started process (PID=101) to work on /opt/airflow/dags/dag_example2.py
[2025-10-28T00:53:57.815+0000] {processor.py:829} INFO - Processing file /opt/airflow/dags/dag_example2.py for tasks to queue
[2025-10-28T00:53:57.822+0000] {logging_mixin.py:151} INFO - [2025-10-28T00:53:57.821+0000] {dagbag.py:539} INFO - Filling up the DagBag from /opt/airflow/dags/dag_example2.py
[2025-10-28T00:53:57.829+0000] {logging_mixin.py:151} INFO - [2025-10-28T00:53:57.828+0000] {dagbag.py:347} ERROR - Failed to import: /opt/airflow/dags/dag_example2.py
Traceback (most recent call last):
  File "/home/airflow/.local/lib/python3.8/site-packages/airflow/models/dagbag.py", line 343, in parse
    loader.exec_module(new_module)
  File "<frozen importlib._bootstrap_external>", line 843, in exec_module
  File "<frozen importlib._bootstrap>", line 219, in _call_with_frames_removed
  File "/opt/airflow/dags/dag_example2.py", line 1, in <module>
    @dag(
NameError: name 'dag' is not defined
[2025-10-28T00:53:57.830+0000] {processor.py:841} WARNING - No viable dags retrieved from /opt/airflow/dags/dag_example2.py
[2025-10-28T00:53:57.855+0000] {processor.py:179} INFO - Processing /opt/airflow/dags/dag_example2.py took 0.052 seconds
[2025-10-28T00:54:28.287+0000] {processor.py:157} INFO - Started process (PID=110) to work on /opt/airflow/dags/dag_example2.py
[2025-10-28T00:54:28.291+0000] {processor.py:829} INFO - Processing file /opt/airflow/dags/dag_example2.py for tasks to queue
[2025-10-28T00:54:28.298+0000] {logging_mixin.py:151} INFO - [2025-10-28T00:54:28.297+0000] {dagbag.py:539} INFO - Filling up the DagBag from /opt/airflow/dags/dag_example2.py
[2025-10-28T00:54:28.309+0000] {logging_mixin.py:151} INFO - [2025-10-28T00:54:28.307+0000] {dagbag.py:347} ERROR - Failed to import: /opt/airflow/dags/dag_example2.py
Traceback (most recent call last):
  File "/home/airflow/.local/lib/python3.8/site-packages/airflow/models/dagbag.py", line 343, in parse
    loader.exec_module(new_module)
  File "<frozen importlib._bootstrap_external>", line 843, in exec_module
  File "<frozen importlib._bootstrap>", line 219, in _call_with_frames_removed
  File "/opt/airflow/dags/dag_example2.py", line 1, in <module>
    @dag(
NameError: name 'dag' is not defined
[2025-10-28T00:54:28.310+0000] {processor.py:841} WARNING - No viable dags retrieved from /opt/airflow/dags/dag_example2.py
[2025-10-28T00:54:28.341+0000] {processor.py:179} INFO - Processing /opt/airflow/dags/dag_example2.py took 0.069 seconds
[2025-10-28T00:54:58.743+0000] {processor.py:157} INFO - Started process (PID=119) to work on /opt/airflow/dags/dag_example2.py
[2025-10-28T00:54:58.746+0000] {processor.py:829} INFO - Processing file /opt/airflow/dags/dag_example2.py for tasks to queue
[2025-10-28T00:54:58.751+0000] {logging_mixin.py:151} INFO - [2025-10-28T00:54:58.751+0000] {dagbag.py:539} INFO - Filling up the DagBag from /opt/airflow/dags/dag_example2.py
[2025-10-28T00:54:58.769+0000] {logging_mixin.py:151} INFO - [2025-10-28T00:54:58.763+0000] {dagbag.py:347} ERROR - Failed to import: /opt/airflow/dags/dag_example2.py
Traceback (most recent call last):
  File "/home/airflow/.local/lib/python3.8/site-packages/airflow/models/dagbag.py", line 343, in parse
    loader.exec_module(new_module)
  File "<frozen importlib._bootstrap_external>", line 843, in exec_module
  File "<frozen importlib._bootstrap>", line 219, in _call_with_frames_removed
  File "/opt/airflow/dags/dag_example2.py", line 1, in <module>
    @dag(
NameError: name 'dag' is not defined
[2025-10-28T00:54:58.772+0000] {processor.py:841} WARNING - No viable dags retrieved from /opt/airflow/dags/dag_example2.py
[2025-10-28T00:54:58.832+0000] {processor.py:179} INFO - Processing /opt/airflow/dags/dag_example2.py took 0.103 seconds
[2025-10-28T00:55:29.208+0000] {processor.py:157} INFO - Started process (PID=128) to work on /opt/airflow/dags/dag_example2.py
[2025-10-28T00:55:29.219+0000] {processor.py:829} INFO - Processing file /opt/airflow/dags/dag_example2.py for tasks to queue
[2025-10-28T00:55:29.227+0000] {logging_mixin.py:151} INFO - [2025-10-28T00:55:29.227+0000] {dagbag.py:539} INFO - Filling up the DagBag from /opt/airflow/dags/dag_example2.py
[2025-10-28T00:55:29.241+0000] {logging_mixin.py:151} INFO - [2025-10-28T00:55:29.236+0000] {dagbag.py:347} ERROR - Failed to import: /opt/airflow/dags/dag_example2.py
Traceback (most recent call last):
  File "/home/airflow/.local/lib/python3.8/site-packages/airflow/models/dagbag.py", line 343, in parse
    loader.exec_module(new_module)
  File "<frozen importlib._bootstrap_external>", line 843, in exec_module
  File "<frozen importlib._bootstrap>", line 219, in _call_with_frames_removed
  File "/opt/airflow/dags/dag_example2.py", line 1, in <module>
    @dag(
NameError: name 'dag' is not defined
[2025-10-28T00:55:29.242+0000] {processor.py:841} WARNING - No viable dags retrieved from /opt/airflow/dags/dag_example2.py
[2025-10-28T00:55:29.273+0000] {processor.py:179} INFO - Processing /opt/airflow/dags/dag_example2.py took 0.080 seconds
[2025-10-28T00:55:59.694+0000] {processor.py:157} INFO - Started process (PID=137) to work on /opt/airflow/dags/dag_example2.py
[2025-10-28T00:55:59.699+0000] {processor.py:829} INFO - Processing file /opt/airflow/dags/dag_example2.py for tasks to queue
[2025-10-28T00:55:59.705+0000] {logging_mixin.py:151} INFO - [2025-10-28T00:55:59.704+0000] {dagbag.py:539} INFO - Filling up the DagBag from /opt/airflow/dags/dag_example2.py
[2025-10-28T00:55:59.721+0000] {logging_mixin.py:151} INFO - [2025-10-28T00:55:59.719+0000] {dagbag.py:347} ERROR - Failed to import: /opt/airflow/dags/dag_example2.py
Traceback (most recent call last):
  File "/home/airflow/.local/lib/python3.8/site-packages/airflow/models/dagbag.py", line 343, in parse
    loader.exec_module(new_module)
  File "<frozen importlib._bootstrap_external>", line 843, in exec_module
  File "<frozen importlib._bootstrap>", line 219, in _call_with_frames_removed
  File "/opt/airflow/dags/dag_example2.py", line 1, in <module>
    @dag(
NameError: name 'dag' is not defined
[2025-10-28T00:55:59.721+0000] {processor.py:841} WARNING - No viable dags retrieved from /opt/airflow/dags/dag_example2.py
[2025-10-28T00:55:59.761+0000] {processor.py:179} INFO - Processing /opt/airflow/dags/dag_example2.py took 0.077 seconds
[2025-10-28T00:56:30.215+0000] {processor.py:157} INFO - Started process (PID=146) to work on /opt/airflow/dags/dag_example2.py
[2025-10-28T00:56:30.219+0000] {processor.py:829} INFO - Processing file /opt/airflow/dags/dag_example2.py for tasks to queue
[2025-10-28T00:56:30.227+0000] {logging_mixin.py:151} INFO - [2025-10-28T00:56:30.226+0000] {dagbag.py:539} INFO - Filling up the DagBag from /opt/airflow/dags/dag_example2.py
[2025-10-28T00:56:30.237+0000] {logging_mixin.py:151} INFO - [2025-10-28T00:56:30.235+0000] {dagbag.py:347} ERROR - Failed to import: /opt/airflow/dags/dag_example2.py
Traceback (most recent call last):
  File "/home/airflow/.local/lib/python3.8/site-packages/airflow/models/dagbag.py", line 343, in parse
    loader.exec_module(new_module)
  File "<frozen importlib._bootstrap_external>", line 843, in exec_module
  File "<frozen importlib._bootstrap>", line 219, in _call_with_frames_removed
  File "/opt/airflow/dags/dag_example2.py", line 1, in <module>
    @dag(
NameError: name 'dag' is not defined
[2025-10-28T00:56:30.237+0000] {processor.py:841} WARNING - No viable dags retrieved from /opt/airflow/dags/dag_example2.py
[2025-10-28T00:56:30.279+0000] {processor.py:179} INFO - Processing /opt/airflow/dags/dag_example2.py took 0.074 seconds
[2025-10-28T00:57:08.079+0000] {processor.py:157} INFO - Started process (PID=148) to work on /opt/airflow/dags/dag_example2.py
[2025-10-28T00:57:08.090+0000] {processor.py:829} INFO - Processing file /opt/airflow/dags/dag_example2.py for tasks to queue
[2025-10-28T00:57:08.129+0000] {logging_mixin.py:151} INFO - [2025-10-28T00:57:08.128+0000] {dagbag.py:539} INFO - Filling up the DagBag from /opt/airflow/dags/dag_example2.py
[2025-10-28T00:57:08.292+0000] {logging_mixin.py:151} INFO - [2025-10-28T00:57:08.245+0000] {dagbag.py:347} ERROR - Failed to import: /opt/airflow/dags/dag_example2.py
Traceback (most recent call last):
  File "/home/airflow/.local/lib/python3.8/site-packages/airflow/models/dagbag.py", line 343, in parse
    loader.exec_module(new_module)
  File "<frozen importlib._bootstrap_external>", line 843, in exec_module
  File "<frozen importlib._bootstrap>", line 219, in _call_with_frames_removed
  File "/opt/airflow/dags/dag_example2.py", line 1, in <module>
    @dag(
NameError: name 'dag' is not defined
[2025-10-28T00:57:08.298+0000] {processor.py:841} WARNING - No viable dags retrieved from /opt/airflow/dags/dag_example2.py
[2025-10-28T00:57:08.464+0000] {processor.py:179} INFO - Processing /opt/airflow/dags/dag_example2.py took 0.410 seconds
[2025-10-28T00:57:39.031+0000] {processor.py:157} INFO - Started process (PID=157) to work on /opt/airflow/dags/dag_example2.py
[2025-10-28T00:57:39.034+0000] {processor.py:829} INFO - Processing file /opt/airflow/dags/dag_example2.py for tasks to queue
[2025-10-28T00:57:39.044+0000] {logging_mixin.py:151} INFO - [2025-10-28T00:57:39.044+0000] {dagbag.py:539} INFO - Filling up the DagBag from /opt/airflow/dags/dag_example2.py
[2025-10-28T00:57:39.064+0000] {logging_mixin.py:151} INFO - [2025-10-28T00:57:39.053+0000] {dagbag.py:347} ERROR - Failed to import: /opt/airflow/dags/dag_example2.py
Traceback (most recent call last):
  File "/home/airflow/.local/lib/python3.8/site-packages/airflow/models/dagbag.py", line 343, in parse
    loader.exec_module(new_module)
  File "<frozen importlib._bootstrap_external>", line 843, in exec_module
  File "<frozen importlib._bootstrap>", line 219, in _call_with_frames_removed
  File "/opt/airflow/dags/dag_example2.py", line 1, in <module>
    @dag(
NameError: name 'dag' is not defined
[2025-10-28T00:57:39.065+0000] {processor.py:841} WARNING - No viable dags retrieved from /opt/airflow/dags/dag_example2.py
[2025-10-28T00:57:39.128+0000] {processor.py:179} INFO - Processing /opt/airflow/dags/dag_example2.py took 0.117 seconds
[2025-10-28T00:58:09.491+0000] {processor.py:157} INFO - Started process (PID=166) to work on /opt/airflow/dags/dag_example2.py
[2025-10-28T00:58:09.493+0000] {processor.py:829} INFO - Processing file /opt/airflow/dags/dag_example2.py for tasks to queue
[2025-10-28T00:58:09.504+0000] {logging_mixin.py:151} INFO - [2025-10-28T00:58:09.499+0000] {dagbag.py:539} INFO - Filling up the DagBag from /opt/airflow/dags/dag_example2.py
[2025-10-28T00:58:09.518+0000] {logging_mixin.py:151} INFO - [2025-10-28T00:58:09.511+0000] {dagbag.py:347} ERROR - Failed to import: /opt/airflow/dags/dag_example2.py
Traceback (most recent call last):
  File "/home/airflow/.local/lib/python3.8/site-packages/airflow/models/dagbag.py", line 343, in parse
    loader.exec_module(new_module)
  File "<frozen importlib._bootstrap_external>", line 843, in exec_module
  File "<frozen importlib._bootstrap>", line 219, in _call_with_frames_removed
  File "/opt/airflow/dags/dag_example2.py", line 1, in <module>
    @dag(
NameError: name 'dag' is not defined
[2025-10-28T00:58:09.519+0000] {processor.py:841} WARNING - No viable dags retrieved from /opt/airflow/dags/dag_example2.py
[2025-10-28T00:58:09.554+0000] {processor.py:179} INFO - Processing /opt/airflow/dags/dag_example2.py took 0.076 seconds
[2025-10-28T00:58:39.965+0000] {processor.py:157} INFO - Started process (PID=182) to work on /opt/airflow/dags/dag_example2.py
[2025-10-28T00:58:39.969+0000] {processor.py:829} INFO - Processing file /opt/airflow/dags/dag_example2.py for tasks to queue
[2025-10-28T00:58:39.974+0000] {logging_mixin.py:151} INFO - [2025-10-28T00:58:39.974+0000] {dagbag.py:539} INFO - Filling up the DagBag from /opt/airflow/dags/dag_example2.py
[2025-10-28T00:58:39.992+0000] {logging_mixin.py:151} INFO - [2025-10-28T00:58:39.986+0000] {dagbag.py:347} ERROR - Failed to import: /opt/airflow/dags/dag_example2.py
Traceback (most recent call last):
  File "/home/airflow/.local/lib/python3.8/site-packages/airflow/models/dagbag.py", line 343, in parse
    loader.exec_module(new_module)
  File "<frozen importlib._bootstrap_external>", line 843, in exec_module
  File "<frozen importlib._bootstrap>", line 219, in _call_with_frames_removed
  File "/opt/airflow/dags/dag_example2.py", line 1, in <module>
    @dag(
NameError: name 'dag' is not defined
[2025-10-28T00:58:39.998+0000] {processor.py:841} WARNING - No viable dags retrieved from /opt/airflow/dags/dag_example2.py
[2025-10-28T00:58:40.038+0000] {processor.py:179} INFO - Processing /opt/airflow/dags/dag_example2.py took 0.082 seconds
[2025-10-28T00:59:11.054+0000] {processor.py:157} INFO - Started process (PID=191) to work on /opt/airflow/dags/dag_example2.py
[2025-10-28T00:59:11.057+0000] {processor.py:829} INFO - Processing file /opt/airflow/dags/dag_example2.py for tasks to queue
[2025-10-28T00:59:11.063+0000] {logging_mixin.py:151} INFO - [2025-10-28T00:59:11.063+0000] {dagbag.py:539} INFO - Filling up the DagBag from /opt/airflow/dags/dag_example2.py
[2025-10-28T00:59:11.083+0000] {logging_mixin.py:151} INFO - [2025-10-28T00:59:11.074+0000] {dagbag.py:347} ERROR - Failed to import: /opt/airflow/dags/dag_example2.py
Traceback (most recent call last):
  File "/home/airflow/.local/lib/python3.8/site-packages/airflow/models/dagbag.py", line 343, in parse
    loader.exec_module(new_module)
  File "<frozen importlib._bootstrap_external>", line 843, in exec_module
  File "<frozen importlib._bootstrap>", line 219, in _call_with_frames_removed
  File "/opt/airflow/dags/dag_example2.py", line 1, in <module>
    @dag(
NameError: name 'dag' is not defined
[2025-10-28T00:59:11.084+0000] {processor.py:841} WARNING - No viable dags retrieved from /opt/airflow/dags/dag_example2.py
[2025-10-28T00:59:11.134+0000] {processor.py:179} INFO - Processing /opt/airflow/dags/dag_example2.py took 0.097 seconds
[2025-10-28T00:59:41.596+0000] {processor.py:157} INFO - Started process (PID=200) to work on /opt/airflow/dags/dag_example2.py
[2025-10-28T00:59:41.598+0000] {processor.py:829} INFO - Processing file /opt/airflow/dags/dag_example2.py for tasks to queue
[2025-10-28T00:59:41.605+0000] {logging_mixin.py:151} INFO - [2025-10-28T00:59:41.604+0000] {dagbag.py:539} INFO - Filling up the DagBag from /opt/airflow/dags/dag_example2.py
[2025-10-28T00:59:41.620+0000] {logging_mixin.py:151} INFO - [2025-10-28T00:59:41.612+0000] {dagbag.py:347} ERROR - Failed to import: /opt/airflow/dags/dag_example2.py
Traceback (most recent call last):
  File "/home/airflow/.local/lib/python3.8/site-packages/airflow/models/dagbag.py", line 343, in parse
    loader.exec_module(new_module)
  File "<frozen importlib._bootstrap_external>", line 843, in exec_module
  File "<frozen importlib._bootstrap>", line 219, in _call_with_frames_removed
  File "/opt/airflow/dags/dag_example2.py", line 1, in <module>
    @dag(
NameError: name 'dag' is not defined
[2025-10-28T00:59:41.620+0000] {processor.py:841} WARNING - No viable dags retrieved from /opt/airflow/dags/dag_example2.py
[2025-10-28T00:59:41.665+0000] {processor.py:179} INFO - Processing /opt/airflow/dags/dag_example2.py took 0.084 seconds
[2025-10-28T01:00:23.096+0000] {processor.py:157} INFO - Started process (PID=41) to work on /opt/airflow/dags/dag_example2.py
[2025-10-28T01:00:23.099+0000] {processor.py:829} INFO - Processing file /opt/airflow/dags/dag_example2.py for tasks to queue
[2025-10-28T01:00:23.107+0000] {logging_mixin.py:151} INFO - [2025-10-28T01:00:23.106+0000] {dagbag.py:539} INFO - Filling up the DagBag from /opt/airflow/dags/dag_example2.py
[2025-10-28T01:00:23.121+0000] {logging_mixin.py:151} INFO - [2025-10-28T01:00:23.116+0000] {dagbag.py:347} ERROR - Failed to import: /opt/airflow/dags/dag_example2.py
Traceback (most recent call last):
  File "/home/airflow/.local/lib/python3.8/site-packages/airflow/models/dagbag.py", line 343, in parse
    loader.exec_module(new_module)
  File "<frozen importlib._bootstrap_external>", line 843, in exec_module
  File "<frozen importlib._bootstrap>", line 219, in _call_with_frames_removed
  File "/opt/airflow/dags/dag_example2.py", line 1, in <module>
    @dag(
NameError: name 'dag' is not defined
[2025-10-28T01:00:23.126+0000] {processor.py:841} WARNING - No viable dags retrieved from /opt/airflow/dags/dag_example2.py
[2025-10-28T01:00:23.174+0000] {processor.py:179} INFO - Processing /opt/airflow/dags/dag_example2.py took 0.086 seconds
[2025-10-28T01:00:54.361+0000] {processor.py:157} INFO - Started process (PID=50) to work on /opt/airflow/dags/dag_example2.py
[2025-10-28T01:00:54.404+0000] {processor.py:829} INFO - Processing file /opt/airflow/dags/dag_example2.py for tasks to queue
[2025-10-28T01:00:54.559+0000] {logging_mixin.py:151} INFO - [2025-10-28T01:00:54.508+0000] {dagbag.py:539} INFO - Filling up the DagBag from /opt/airflow/dags/dag_example2.py
[2025-10-28T01:00:54.615+0000] {logging_mixin.py:151} INFO - [2025-10-28T01:00:54.602+0000] {dagbag.py:347} ERROR - Failed to import: /opt/airflow/dags/dag_example2.py
Traceback (most recent call last):
  File "/home/airflow/.local/lib/python3.8/site-packages/airflow/models/dagbag.py", line 343, in parse
    loader.exec_module(new_module)
  File "<frozen importlib._bootstrap_external>", line 843, in exec_module
  File "<frozen importlib._bootstrap>", line 219, in _call_with_frames_removed
  File "/opt/airflow/dags/dag_example2.py", line 1, in <module>
    @dag(
NameError: name 'dag' is not defined
[2025-10-28T01:00:54.618+0000] {processor.py:841} WARNING - No viable dags retrieved from /opt/airflow/dags/dag_example2.py
[2025-10-28T01:00:54.820+0000] {processor.py:179} INFO - Processing /opt/airflow/dags/dag_example2.py took 0.861 seconds
[2025-10-28T01:01:25.190+0000] {processor.py:157} INFO - Started process (PID=59) to work on /opt/airflow/dags/dag_example2.py
[2025-10-28T01:01:25.192+0000] {processor.py:829} INFO - Processing file /opt/airflow/dags/dag_example2.py for tasks to queue
[2025-10-28T01:01:25.195+0000] {logging_mixin.py:151} INFO - [2025-10-28T01:01:25.195+0000] {dagbag.py:539} INFO - Filling up the DagBag from /opt/airflow/dags/dag_example2.py
[2025-10-28T01:01:25.206+0000] {logging_mixin.py:151} INFO - [2025-10-28T01:01:25.204+0000] {dagbag.py:347} ERROR - Failed to import: /opt/airflow/dags/dag_example2.py
Traceback (most recent call last):
  File "/home/airflow/.local/lib/python3.8/site-packages/airflow/models/dagbag.py", line 343, in parse
    loader.exec_module(new_module)
  File "<frozen importlib._bootstrap_external>", line 843, in exec_module
  File "<frozen importlib._bootstrap>", line 219, in _call_with_frames_removed
  File "/opt/airflow/dags/dag_example2.py", line 1, in <module>
    @dag(
NameError: name 'dag' is not defined
[2025-10-28T01:01:25.207+0000] {processor.py:841} WARNING - No viable dags retrieved from /opt/airflow/dags/dag_example2.py
[2025-10-28T01:01:25.235+0000] {processor.py:179} INFO - Processing /opt/airflow/dags/dag_example2.py took 0.059 seconds
[2025-10-28T01:01:55.616+0000] {processor.py:157} INFO - Started process (PID=68) to work on /opt/airflow/dags/dag_example2.py
[2025-10-28T01:01:55.617+0000] {processor.py:829} INFO - Processing file /opt/airflow/dags/dag_example2.py for tasks to queue
[2025-10-28T01:01:55.623+0000] {logging_mixin.py:151} INFO - [2025-10-28T01:01:55.622+0000] {dagbag.py:539} INFO - Filling up the DagBag from /opt/airflow/dags/dag_example2.py
[2025-10-28T01:01:55.637+0000] {logging_mixin.py:151} INFO - [2025-10-28T01:01:55.635+0000] {dagbag.py:347} ERROR - Failed to import: /opt/airflow/dags/dag_example2.py
Traceback (most recent call last):
  File "/home/airflow/.local/lib/python3.8/site-packages/airflow/models/dagbag.py", line 343, in parse
    loader.exec_module(new_module)
  File "<frozen importlib._bootstrap_external>", line 843, in exec_module
  File "<frozen importlib._bootstrap>", line 219, in _call_with_frames_removed
  File "/opt/airflow/dags/dag_example2.py", line 1, in <module>
    @dag(
NameError: name 'dag' is not defined
[2025-10-28T01:01:55.638+0000] {processor.py:841} WARNING - No viable dags retrieved from /opt/airflow/dags/dag_example2.py
[2025-10-28T01:01:55.662+0000] {processor.py:179} INFO - Processing /opt/airflow/dags/dag_example2.py took 0.061 seconds
[2025-10-28T01:02:26.047+0000] {processor.py:157} INFO - Started process (PID=77) to work on /opt/airflow/dags/dag_example2.py
[2025-10-28T01:02:26.049+0000] {processor.py:829} INFO - Processing file /opt/airflow/dags/dag_example2.py for tasks to queue
[2025-10-28T01:02:26.053+0000] {logging_mixin.py:151} INFO - [2025-10-28T01:02:26.052+0000] {dagbag.py:539} INFO - Filling up the DagBag from /opt/airflow/dags/dag_example2.py
[2025-10-28T01:02:26.059+0000] {logging_mixin.py:151} INFO - [2025-10-28T01:02:26.058+0000] {dagbag.py:347} ERROR - Failed to import: /opt/airflow/dags/dag_example2.py
Traceback (most recent call last):
  File "/home/airflow/.local/lib/python3.8/site-packages/airflow/models/dagbag.py", line 343, in parse
    loader.exec_module(new_module)
  File "<frozen importlib._bootstrap_external>", line 843, in exec_module
  File "<frozen importlib._bootstrap>", line 219, in _call_with_frames_removed
  File "/opt/airflow/dags/dag_example2.py", line 1, in <module>
    @dag(
NameError: name 'dag' is not defined
[2025-10-28T01:02:26.060+0000] {processor.py:841} WARNING - No viable dags retrieved from /opt/airflow/dags/dag_example2.py
[2025-10-28T01:02:26.080+0000] {processor.py:179} INFO - Processing /opt/airflow/dags/dag_example2.py took 0.039 seconds
[2025-10-28T01:02:56.403+0000] {processor.py:157} INFO - Started process (PID=86) to work on /opt/airflow/dags/dag_example2.py
[2025-10-28T01:02:56.404+0000] {processor.py:829} INFO - Processing file /opt/airflow/dags/dag_example2.py for tasks to queue
[2025-10-28T01:02:56.407+0000] {logging_mixin.py:151} INFO - [2025-10-28T01:02:56.407+0000] {dagbag.py:539} INFO - Filling up the DagBag from /opt/airflow/dags/dag_example2.py
[2025-10-28T01:02:56.412+0000] {logging_mixin.py:151} INFO - [2025-10-28T01:02:56.411+0000] {dagbag.py:347} ERROR - Failed to import: /opt/airflow/dags/dag_example2.py
Traceback (most recent call last):
  File "/home/airflow/.local/lib/python3.8/site-packages/airflow/models/dagbag.py", line 343, in parse
    loader.exec_module(new_module)
  File "<frozen importlib._bootstrap_external>", line 843, in exec_module
  File "<frozen importlib._bootstrap>", line 219, in _call_with_frames_removed
  File "/opt/airflow/dags/dag_example2.py", line 1, in <module>
    @dag(
NameError: name 'dag' is not defined
[2025-10-28T01:02:56.412+0000] {processor.py:841} WARNING - No viable dags retrieved from /opt/airflow/dags/dag_example2.py
[2025-10-28T01:02:56.427+0000] {processor.py:179} INFO - Processing /opt/airflow/dags/dag_example2.py took 0.032 seconds
[2025-10-28T01:03:26.566+0000] {processor.py:157} INFO - Started process (PID=95) to work on /opt/airflow/dags/dag_example2.py
[2025-10-28T01:03:26.567+0000] {processor.py:829} INFO - Processing file /opt/airflow/dags/dag_example2.py for tasks to queue
[2025-10-28T01:03:26.571+0000] {logging_mixin.py:151} INFO - [2025-10-28T01:03:26.571+0000] {dagbag.py:539} INFO - Filling up the DagBag from /opt/airflow/dags/dag_example2.py
[2025-10-28T01:03:26.581+0000] {logging_mixin.py:151} INFO - [2025-10-28T01:03:26.578+0000] {dagbag.py:347} ERROR - Failed to import: /opt/airflow/dags/dag_example2.py
Traceback (most recent call last):
  File "/home/airflow/.local/lib/python3.8/site-packages/airflow/models/dagbag.py", line 343, in parse
    loader.exec_module(new_module)
  File "<frozen importlib._bootstrap_external>", line 843, in exec_module
  File "<frozen importlib._bootstrap>", line 219, in _call_with_frames_removed
  File "/opt/airflow/dags/dag_example2.py", line 1, in <module>
    @dag(
NameError: name 'dag' is not defined
[2025-10-28T01:03:26.582+0000] {processor.py:841} WARNING - No viable dags retrieved from /opt/airflow/dags/dag_example2.py
[2025-10-28T01:03:26.606+0000] {processor.py:179} INFO - Processing /opt/airflow/dags/dag_example2.py took 0.047 seconds
[2025-10-28T01:03:57.024+0000] {processor.py:157} INFO - Started process (PID=104) to work on /opt/airflow/dags/dag_example2.py
[2025-10-28T01:03:57.026+0000] {processor.py:829} INFO - Processing file /opt/airflow/dags/dag_example2.py for tasks to queue
[2025-10-28T01:03:57.038+0000] {logging_mixin.py:151} INFO - [2025-10-28T01:03:57.037+0000] {dagbag.py:539} INFO - Filling up the DagBag from /opt/airflow/dags/dag_example2.py
[2025-10-28T01:03:57.046+0000] {logging_mixin.py:151} INFO - [2025-10-28T01:03:57.043+0000] {dagbag.py:347} ERROR - Failed to import: /opt/airflow/dags/dag_example2.py
Traceback (most recent call last):
  File "/home/airflow/.local/lib/python3.8/site-packages/airflow/models/dagbag.py", line 343, in parse
    loader.exec_module(new_module)
  File "<frozen importlib._bootstrap_external>", line 843, in exec_module
  File "<frozen importlib._bootstrap>", line 219, in _call_with_frames_removed
  File "/opt/airflow/dags/dag_example2.py", line 1, in <module>
    @dag(
NameError: name 'dag' is not defined
[2025-10-28T01:03:57.047+0000] {processor.py:841} WARNING - No viable dags retrieved from /opt/airflow/dags/dag_example2.py
[2025-10-28T01:03:57.070+0000] {processor.py:179} INFO - Processing /opt/airflow/dags/dag_example2.py took 0.051 seconds
[2025-10-28T01:04:27.573+0000] {processor.py:157} INFO - Started process (PID=113) to work on /opt/airflow/dags/dag_example2.py
[2025-10-28T01:04:27.574+0000] {processor.py:829} INFO - Processing file /opt/airflow/dags/dag_example2.py for tasks to queue
[2025-10-28T01:04:27.576+0000] {logging_mixin.py:151} INFO - [2025-10-28T01:04:27.576+0000] {dagbag.py:539} INFO - Filling up the DagBag from /opt/airflow/dags/dag_example2.py
[2025-10-28T01:04:27.582+0000] {logging_mixin.py:151} INFO - [2025-10-28T01:04:27.582+0000] {dagbag.py:347} ERROR - Failed to import: /opt/airflow/dags/dag_example2.py
Traceback (most recent call last):
  File "/home/airflow/.local/lib/python3.8/site-packages/airflow/models/dagbag.py", line 343, in parse
    loader.exec_module(new_module)
  File "<frozen importlib._bootstrap_external>", line 843, in exec_module
  File "<frozen importlib._bootstrap>", line 219, in _call_with_frames_removed
  File "/opt/airflow/dags/dag_example2.py", line 1, in <module>
    @dag(
NameError: name 'dag' is not defined
[2025-10-28T01:04:27.583+0000] {processor.py:841} WARNING - No viable dags retrieved from /opt/airflow/dags/dag_example2.py
[2025-10-28T01:04:27.600+0000] {processor.py:179} INFO - Processing /opt/airflow/dags/dag_example2.py took 0.031 seconds
[2025-10-28T01:08:01.469+0000] {processor.py:157} INFO - Started process (PID=122) to work on /opt/airflow/dags/dag_example2.py
[2025-10-28T01:08:01.470+0000] {processor.py:829} INFO - Processing file /opt/airflow/dags/dag_example2.py for tasks to queue
[2025-10-28T01:08:01.473+0000] {logging_mixin.py:151} INFO - [2025-10-28T01:08:01.472+0000] {dagbag.py:539} INFO - Filling up the DagBag from /opt/airflow/dags/dag_example2.py
[2025-10-28T01:08:01.480+0000] {logging_mixin.py:151} INFO - [2025-10-28T01:08:01.479+0000] {dagbag.py:347} ERROR - Failed to import: /opt/airflow/dags/dag_example2.py
Traceback (most recent call last):
  File "/home/airflow/.local/lib/python3.8/site-packages/airflow/models/dagbag.py", line 343, in parse
    loader.exec_module(new_module)
  File "<frozen importlib._bootstrap_external>", line 843, in exec_module
  File "<frozen importlib._bootstrap>", line 219, in _call_with_frames_removed
  File "/opt/airflow/dags/dag_example2.py", line 1, in <module>
    @dag(
NameError: name 'dag' is not defined
[2025-10-28T01:08:01.480+0000] {processor.py:841} WARNING - No viable dags retrieved from /opt/airflow/dags/dag_example2.py
[2025-10-28T01:08:01.509+0000] {processor.py:179} INFO - Processing /opt/airflow/dags/dag_example2.py took 0.046 seconds
[2025-10-28T01:09:14.711+0000] {processor.py:157} INFO - Started process (PID=131) to work on /opt/airflow/dags/dag_example2.py
[2025-10-28T01:09:14.715+0000] {processor.py:829} INFO - Processing file /opt/airflow/dags/dag_example2.py for tasks to queue
[2025-10-28T01:09:14.722+0000] {logging_mixin.py:151} INFO - [2025-10-28T01:09:14.721+0000] {dagbag.py:539} INFO - Filling up the DagBag from /opt/airflow/dags/dag_example2.py
[2025-10-28T01:09:14.738+0000] {logging_mixin.py:151} INFO - [2025-10-28T01:09:14.731+0000] {dagbag.py:347} ERROR - Failed to import: /opt/airflow/dags/dag_example2.py
Traceback (most recent call last):
  File "/home/airflow/.local/lib/python3.8/site-packages/airflow/models/dagbag.py", line 343, in parse
    loader.exec_module(new_module)
  File "<frozen importlib._bootstrap_external>", line 843, in exec_module
  File "<frozen importlib._bootstrap>", line 219, in _call_with_frames_removed
  File "/opt/airflow/dags/dag_example2.py", line 1, in <module>
    @dag(
NameError: name 'dag' is not defined
[2025-10-28T01:09:14.739+0000] {processor.py:841} WARNING - No viable dags retrieved from /opt/airflow/dags/dag_example2.py
[2025-10-28T01:09:14.779+0000] {processor.py:179} INFO - Processing /opt/airflow/dags/dag_example2.py took 0.076 seconds
[2025-10-28T01:09:45.655+0000] {processor.py:157} INFO - Started process (PID=140) to work on /opt/airflow/dags/dag_example2.py
[2025-10-28T01:09:45.657+0000] {processor.py:829} INFO - Processing file /opt/airflow/dags/dag_example2.py for tasks to queue
[2025-10-28T01:09:45.661+0000] {logging_mixin.py:151} INFO - [2025-10-28T01:09:45.661+0000] {dagbag.py:539} INFO - Filling up the DagBag from /opt/airflow/dags/dag_example2.py
[2025-10-28T01:09:45.675+0000] {logging_mixin.py:151} INFO - [2025-10-28T01:09:45.667+0000] {dagbag.py:347} ERROR - Failed to import: /opt/airflow/dags/dag_example2.py
Traceback (most recent call last):
  File "/home/airflow/.local/lib/python3.8/site-packages/airflow/models/dagbag.py", line 343, in parse
    loader.exec_module(new_module)
  File "<frozen importlib._bootstrap_external>", line 843, in exec_module
  File "<frozen importlib._bootstrap>", line 219, in _call_with_frames_removed
  File "/opt/airflow/dags/dag_example2.py", line 1, in <module>
    @dag(
NameError: name 'dag' is not defined
[2025-10-28T01:09:45.675+0000] {processor.py:841} WARNING - No viable dags retrieved from /opt/airflow/dags/dag_example2.py
[2025-10-28T01:09:45.706+0000] {processor.py:179} INFO - Processing /opt/airflow/dags/dag_example2.py took 0.060 seconds
[2025-10-28T01:10:16.076+0000] {processor.py:157} INFO - Started process (PID=149) to work on /opt/airflow/dags/dag_example2.py
[2025-10-28T01:10:16.079+0000] {processor.py:829} INFO - Processing file /opt/airflow/dags/dag_example2.py for tasks to queue
[2025-10-28T01:10:16.083+0000] {logging_mixin.py:151} INFO - [2025-10-28T01:10:16.083+0000] {dagbag.py:539} INFO - Filling up the DagBag from /opt/airflow/dags/dag_example2.py
[2025-10-28T01:10:16.094+0000] {logging_mixin.py:151} INFO - [2025-10-28T01:10:16.092+0000] {dagbag.py:347} ERROR - Failed to import: /opt/airflow/dags/dag_example2.py
Traceback (most recent call last):
  File "/home/airflow/.local/lib/python3.8/site-packages/airflow/models/dagbag.py", line 343, in parse
    loader.exec_module(new_module)
  File "<frozen importlib._bootstrap_external>", line 843, in exec_module
  File "<frozen importlib._bootstrap>", line 219, in _call_with_frames_removed
  File "/opt/airflow/dags/dag_example2.py", line 1, in <module>
    @dag(
NameError: name 'dag' is not defined
[2025-10-28T01:10:16.098+0000] {processor.py:841} WARNING - No viable dags retrieved from /opt/airflow/dags/dag_example2.py
[2025-10-28T01:10:16.130+0000] {processor.py:179} INFO - Processing /opt/airflow/dags/dag_example2.py took 0.068 seconds
[2025-10-28T01:10:46.520+0000] {processor.py:157} INFO - Started process (PID=158) to work on /opt/airflow/dags/dag_example2.py
[2025-10-28T01:10:46.524+0000] {processor.py:829} INFO - Processing file /opt/airflow/dags/dag_example2.py for tasks to queue
[2025-10-28T01:10:46.527+0000] {logging_mixin.py:151} INFO - [2025-10-28T01:10:46.527+0000] {dagbag.py:539} INFO - Filling up the DagBag from /opt/airflow/dags/dag_example2.py
[2025-10-28T01:10:46.538+0000] {logging_mixin.py:151} INFO - [2025-10-28T01:10:46.533+0000] {dagbag.py:347} ERROR - Failed to import: /opt/airflow/dags/dag_example2.py
Traceback (most recent call last):
  File "/home/airflow/.local/lib/python3.8/site-packages/airflow/models/dagbag.py", line 343, in parse
    loader.exec_module(new_module)
  File "<frozen importlib._bootstrap_external>", line 843, in exec_module
  File "<frozen importlib._bootstrap>", line 219, in _call_with_frames_removed
  File "/opt/airflow/dags/dag_example2.py", line 1, in <module>
    @dag(
NameError: name 'dag' is not defined
[2025-10-28T01:10:46.538+0000] {processor.py:841} WARNING - No viable dags retrieved from /opt/airflow/dags/dag_example2.py
[2025-10-28T01:10:46.570+0000] {processor.py:179} INFO - Processing /opt/airflow/dags/dag_example2.py took 0.061 seconds
[2025-10-28T01:11:16.898+0000] {processor.py:157} INFO - Started process (PID=167) to work on /opt/airflow/dags/dag_example2.py
[2025-10-28T01:11:16.901+0000] {processor.py:829} INFO - Processing file /opt/airflow/dags/dag_example2.py for tasks to queue
[2025-10-28T01:11:16.908+0000] {logging_mixin.py:151} INFO - [2025-10-28T01:11:16.907+0000] {dagbag.py:539} INFO - Filling up the DagBag from /opt/airflow/dags/dag_example2.py
[2025-10-28T01:11:16.914+0000] {logging_mixin.py:151} INFO - [2025-10-28T01:11:16.911+0000] {dagbag.py:347} ERROR - Failed to import: /opt/airflow/dags/dag_example2.py
Traceback (most recent call last):
  File "/home/airflow/.local/lib/python3.8/site-packages/airflow/models/dagbag.py", line 343, in parse
    loader.exec_module(new_module)
  File "<frozen importlib._bootstrap_external>", line 843, in exec_module
  File "<frozen importlib._bootstrap>", line 219, in _call_with_frames_removed
  File "/opt/airflow/dags/dag_example2.py", line 1, in <module>
    @dag(
NameError: name 'dag' is not defined
[2025-10-28T01:11:16.917+0000] {processor.py:841} WARNING - No viable dags retrieved from /opt/airflow/dags/dag_example2.py
[2025-10-28T01:11:16.947+0000] {processor.py:179} INFO - Processing /opt/airflow/dags/dag_example2.py took 0.055 seconds
[2025-10-28T01:11:47.201+0000] {processor.py:157} INFO - Started process (PID=176) to work on /opt/airflow/dags/dag_example2.py
[2025-10-28T01:11:47.203+0000] {processor.py:829} INFO - Processing file /opt/airflow/dags/dag_example2.py for tasks to queue
[2025-10-28T01:11:47.211+0000] {logging_mixin.py:151} INFO - [2025-10-28T01:11:47.210+0000] {dagbag.py:539} INFO - Filling up the DagBag from /opt/airflow/dags/dag_example2.py
[2025-10-28T01:11:47.229+0000] {logging_mixin.py:151} INFO - [2025-10-28T01:11:47.223+0000] {dagbag.py:347} ERROR - Failed to import: /opt/airflow/dags/dag_example2.py
Traceback (most recent call last):
  File "/home/airflow/.local/lib/python3.8/site-packages/airflow/models/dagbag.py", line 343, in parse
    loader.exec_module(new_module)
  File "<frozen importlib._bootstrap_external>", line 843, in exec_module
  File "<frozen importlib._bootstrap>", line 219, in _call_with_frames_removed
  File "/opt/airflow/dags/dag_example2.py", line 1, in <module>
    @dag(
NameError: name 'dag' is not defined
[2025-10-28T01:11:47.231+0000] {processor.py:841} WARNING - No viable dags retrieved from /opt/airflow/dags/dag_example2.py
[2025-10-28T01:11:47.318+0000] {processor.py:179} INFO - Processing /opt/airflow/dags/dag_example2.py took 0.126 seconds
[2025-10-28T01:13:47.148+0000] {processor.py:157} INFO - Started process (PID=48) to work on /opt/airflow/dags/dag_example2.py
[2025-10-28T01:13:47.151+0000] {processor.py:829} INFO - Processing file /opt/airflow/dags/dag_example2.py for tasks to queue
[2025-10-28T01:13:47.156+0000] {logging_mixin.py:151} INFO - [2025-10-28T01:13:47.155+0000] {dagbag.py:539} INFO - Filling up the DagBag from /opt/airflow/dags/dag_example2.py
[2025-10-28T01:13:47.377+0000] {logging_mixin.py:151} INFO - [2025-10-28T01:13:47.165+0000] {dagbag.py:347} ERROR - Failed to import: /opt/airflow/dags/dag_example2.py
Traceback (most recent call last):
  File "/home/airflow/.local/lib/python3.8/site-packages/airflow/models/dagbag.py", line 343, in parse
    loader.exec_module(new_module)
  File "<frozen importlib._bootstrap_external>", line 843, in exec_module
  File "<frozen importlib._bootstrap>", line 219, in _call_with_frames_removed
  File "/opt/airflow/dags/dag_example2.py", line 1, in <module>
    @dag(
NameError: name 'dag' is not defined
[2025-10-28T01:13:47.381+0000] {processor.py:841} WARNING - No viable dags retrieved from /opt/airflow/dags/dag_example2.py
[2025-10-28T01:13:47.435+0000] {processor.py:179} INFO - Processing /opt/airflow/dags/dag_example2.py took 0.297 seconds
[2025-10-28T01:14:18.458+0000] {processor.py:157} INFO - Started process (PID=56) to work on /opt/airflow/dags/dag_example2.py
[2025-10-28T01:14:18.461+0000] {processor.py:829} INFO - Processing file /opt/airflow/dags/dag_example2.py for tasks to queue
[2025-10-28T01:14:18.494+0000] {logging_mixin.py:151} INFO - [2025-10-28T01:14:18.491+0000] {dagbag.py:539} INFO - Filling up the DagBag from /opt/airflow/dags/dag_example2.py
[2025-10-28T01:14:18.539+0000] {logging_mixin.py:151} INFO - [2025-10-28T01:14:18.525+0000] {dagbag.py:347} ERROR - Failed to import: /opt/airflow/dags/dag_example2.py
Traceback (most recent call last):
  File "/home/airflow/.local/lib/python3.8/site-packages/airflow/models/dagbag.py", line 343, in parse
    loader.exec_module(new_module)
  File "<frozen importlib._bootstrap_external>", line 843, in exec_module
  File "<frozen importlib._bootstrap>", line 219, in _call_with_frames_removed
  File "/opt/airflow/dags/dag_example2.py", line 1, in <module>
    @dag(
NameError: name 'dag' is not defined
[2025-10-28T01:14:18.540+0000] {processor.py:841} WARNING - No viable dags retrieved from /opt/airflow/dags/dag_example2.py
[2025-10-28T01:14:18.741+0000] {processor.py:179} INFO - Processing /opt/airflow/dags/dag_example2.py took 0.313 seconds
[2025-10-28T01:14:49.132+0000] {processor.py:157} INFO - Started process (PID=65) to work on /opt/airflow/dags/dag_example2.py
[2025-10-28T01:14:49.133+0000] {processor.py:829} INFO - Processing file /opt/airflow/dags/dag_example2.py for tasks to queue
[2025-10-28T01:14:49.139+0000] {logging_mixin.py:151} INFO - [2025-10-28T01:14:49.138+0000] {dagbag.py:539} INFO - Filling up the DagBag from /opt/airflow/dags/dag_example2.py
[2025-10-28T01:14:49.148+0000] {logging_mixin.py:151} INFO - [2025-10-28T01:14:49.146+0000] {dagbag.py:347} ERROR - Failed to import: /opt/airflow/dags/dag_example2.py
Traceback (most recent call last):
  File "/home/airflow/.local/lib/python3.8/site-packages/airflow/models/dagbag.py", line 343, in parse
    loader.exec_module(new_module)
  File "<frozen importlib._bootstrap_external>", line 843, in exec_module
  File "<frozen importlib._bootstrap>", line 219, in _call_with_frames_removed
  File "/opt/airflow/dags/dag_example2.py", line 1, in <module>
    @dag(
NameError: name 'dag' is not defined
[2025-10-28T01:14:49.149+0000] {processor.py:841} WARNING - No viable dags retrieved from /opt/airflow/dags/dag_example2.py
[2025-10-28T01:14:49.188+0000] {processor.py:179} INFO - Processing /opt/airflow/dags/dag_example2.py took 0.065 seconds
[2025-10-28T01:15:19.672+0000] {processor.py:157} INFO - Started process (PID=74) to work on /opt/airflow/dags/dag_example2.py
[2025-10-28T01:15:19.675+0000] {processor.py:829} INFO - Processing file /opt/airflow/dags/dag_example2.py for tasks to queue
[2025-10-28T01:15:19.684+0000] {logging_mixin.py:151} INFO - [2025-10-28T01:15:19.680+0000] {dagbag.py:539} INFO - Filling up the DagBag from /opt/airflow/dags/dag_example2.py
[2025-10-28T01:15:19.696+0000] {logging_mixin.py:151} INFO - [2025-10-28T01:15:19.694+0000] {dagbag.py:347} ERROR - Failed to import: /opt/airflow/dags/dag_example2.py
Traceback (most recent call last):
  File "/home/airflow/.local/lib/python3.8/site-packages/airflow/models/dagbag.py", line 343, in parse
    loader.exec_module(new_module)
  File "<frozen importlib._bootstrap_external>", line 843, in exec_module
  File "<frozen importlib._bootstrap>", line 219, in _call_with_frames_removed
  File "/opt/airflow/dags/dag_example2.py", line 1, in <module>
    @dag(
NameError: name 'dag' is not defined
[2025-10-28T01:15:19.697+0000] {processor.py:841} WARNING - No viable dags retrieved from /opt/airflow/dags/dag_example2.py
[2025-10-28T01:15:19.734+0000] {processor.py:179} INFO - Processing /opt/airflow/dags/dag_example2.py took 0.082 seconds
[2025-10-28T01:15:50.061+0000] {processor.py:157} INFO - Started process (PID=83) to work on /opt/airflow/dags/dag_example2.py
[2025-10-28T01:15:50.063+0000] {processor.py:829} INFO - Processing file /opt/airflow/dags/dag_example2.py for tasks to queue
[2025-10-28T01:15:50.069+0000] {logging_mixin.py:151} INFO - [2025-10-28T01:15:50.067+0000] {dagbag.py:539} INFO - Filling up the DagBag from /opt/airflow/dags/dag_example2.py
[2025-10-28T01:15:50.077+0000] {logging_mixin.py:151} INFO - [2025-10-28T01:15:50.075+0000] {dagbag.py:347} ERROR - Failed to import: /opt/airflow/dags/dag_example2.py
Traceback (most recent call last):
  File "/home/airflow/.local/lib/python3.8/site-packages/airflow/models/dagbag.py", line 343, in parse
    loader.exec_module(new_module)
  File "<frozen importlib._bootstrap_external>", line 843, in exec_module
  File "<frozen importlib._bootstrap>", line 219, in _call_with_frames_removed
  File "/opt/airflow/dags/dag_example2.py", line 1, in <module>
    @dag(
NameError: name 'dag' is not defined
[2025-10-28T01:15:50.080+0000] {processor.py:841} WARNING - No viable dags retrieved from /opt/airflow/dags/dag_example2.py
[2025-10-28T01:15:50.123+0000] {processor.py:179} INFO - Processing /opt/airflow/dags/dag_example2.py took 0.073 seconds
[2025-10-28T01:16:20.326+0000] {processor.py:157} INFO - Started process (PID=92) to work on /opt/airflow/dags/dag_example2.py
[2025-10-28T01:16:20.328+0000] {processor.py:829} INFO - Processing file /opt/airflow/dags/dag_example2.py for tasks to queue
[2025-10-28T01:16:20.338+0000] {logging_mixin.py:151} INFO - [2025-10-28T01:16:20.337+0000] {dagbag.py:539} INFO - Filling up the DagBag from /opt/airflow/dags/dag_example2.py
[2025-10-28T01:16:20.353+0000] {logging_mixin.py:151} INFO - [2025-10-28T01:16:20.348+0000] {dagbag.py:347} ERROR - Failed to import: /opt/airflow/dags/dag_example2.py
Traceback (most recent call last):
  File "/home/airflow/.local/lib/python3.8/site-packages/airflow/models/dagbag.py", line 343, in parse
    loader.exec_module(new_module)
  File "<frozen importlib._bootstrap_external>", line 843, in exec_module
  File "<frozen importlib._bootstrap>", line 219, in _call_with_frames_removed
  File "/opt/airflow/dags/dag_example2.py", line 1, in <module>
    @dag(
NameError: name 'dag' is not defined
[2025-10-28T01:16:20.354+0000] {processor.py:841} WARNING - No viable dags retrieved from /opt/airflow/dags/dag_example2.py
[2025-10-28T01:16:20.416+0000] {processor.py:179} INFO - Processing /opt/airflow/dags/dag_example2.py took 0.102 seconds
[2025-10-28T01:16:50.845+0000] {processor.py:157} INFO - Started process (PID=101) to work on /opt/airflow/dags/dag_example2.py
[2025-10-28T01:16:50.847+0000] {processor.py:829} INFO - Processing file /opt/airflow/dags/dag_example2.py for tasks to queue
[2025-10-28T01:16:50.856+0000] {logging_mixin.py:151} INFO - [2025-10-28T01:16:50.855+0000] {dagbag.py:539} INFO - Filling up the DagBag from /opt/airflow/dags/dag_example2.py
[2025-10-28T01:16:50.868+0000] {logging_mixin.py:151} INFO - [2025-10-28T01:16:50.865+0000] {dagbag.py:347} ERROR - Failed to import: /opt/airflow/dags/dag_example2.py
Traceback (most recent call last):
  File "/home/airflow/.local/lib/python3.8/site-packages/airflow/models/dagbag.py", line 343, in parse
    loader.exec_module(new_module)
  File "<frozen importlib._bootstrap_external>", line 843, in exec_module
  File "<frozen importlib._bootstrap>", line 219, in _call_with_frames_removed
  File "/opt/airflow/dags/dag_example2.py", line 1, in <module>
    @dag(
NameError: name 'dag' is not defined
[2025-10-28T01:16:50.868+0000] {processor.py:841} WARNING - No viable dags retrieved from /opt/airflow/dags/dag_example2.py
[2025-10-28T01:16:50.904+0000] {processor.py:179} INFO - Processing /opt/airflow/dags/dag_example2.py took 0.071 seconds
[2025-10-28T01:17:21.383+0000] {processor.py:157} INFO - Started process (PID=110) to work on /opt/airflow/dags/dag_example2.py
[2025-10-28T01:17:21.390+0000] {processor.py:829} INFO - Processing file /opt/airflow/dags/dag_example2.py for tasks to queue
[2025-10-28T01:17:21.397+0000] {logging_mixin.py:151} INFO - [2025-10-28T01:17:21.397+0000] {dagbag.py:539} INFO - Filling up the DagBag from /opt/airflow/dags/dag_example2.py
[2025-10-28T01:17:21.409+0000] {logging_mixin.py:151} INFO - [2025-10-28T01:17:21.406+0000] {dagbag.py:347} ERROR - Failed to import: /opt/airflow/dags/dag_example2.py
Traceback (most recent call last):
  File "/home/airflow/.local/lib/python3.8/site-packages/airflow/models/dagbag.py", line 343, in parse
    loader.exec_module(new_module)
  File "<frozen importlib._bootstrap_external>", line 843, in exec_module
  File "<frozen importlib._bootstrap>", line 219, in _call_with_frames_removed
  File "/opt/airflow/dags/dag_example2.py", line 1, in <module>
    @dag(
NameError: name 'dag' is not defined
[2025-10-28T01:17:21.411+0000] {processor.py:841} WARNING - No viable dags retrieved from /opt/airflow/dags/dag_example2.py
[2025-10-28T01:17:21.453+0000] {processor.py:179} INFO - Processing /opt/airflow/dags/dag_example2.py took 0.084 seconds
[2025-10-28T01:17:51.812+0000] {processor.py:157} INFO - Started process (PID=119) to work on /opt/airflow/dags/dag_example2.py
[2025-10-28T01:17:51.813+0000] {processor.py:829} INFO - Processing file /opt/airflow/dags/dag_example2.py for tasks to queue
[2025-10-28T01:17:51.817+0000] {logging_mixin.py:151} INFO - [2025-10-28T01:17:51.816+0000] {dagbag.py:539} INFO - Filling up the DagBag from /opt/airflow/dags/dag_example2.py
[2025-10-28T01:17:51.824+0000] {logging_mixin.py:151} INFO - [2025-10-28T01:17:51.820+0000] {dagbag.py:347} ERROR - Failed to import: /opt/airflow/dags/dag_example2.py
Traceback (most recent call last):
  File "/home/airflow/.local/lib/python3.8/site-packages/airflow/models/dagbag.py", line 343, in parse
    loader.exec_module(new_module)
  File "<frozen importlib._bootstrap_external>", line 843, in exec_module
  File "<frozen importlib._bootstrap>", line 219, in _call_with_frames_removed
  File "/opt/airflow/dags/dag_example2.py", line 1, in <module>
    @dag(
NameError: name 'dag' is not defined
[2025-10-28T01:17:51.825+0000] {processor.py:841} WARNING - No viable dags retrieved from /opt/airflow/dags/dag_example2.py
[2025-10-28T01:17:51.866+0000] {processor.py:179} INFO - Processing /opt/airflow/dags/dag_example2.py took 0.063 seconds
[2025-10-28T01:18:22.773+0000] {processor.py:157} INFO - Started process (PID=128) to work on /opt/airflow/dags/dag_example2.py
[2025-10-28T01:18:22.776+0000] {processor.py:829} INFO - Processing file /opt/airflow/dags/dag_example2.py for tasks to queue
[2025-10-28T01:18:22.783+0000] {logging_mixin.py:151} INFO - [2025-10-28T01:18:22.782+0000] {dagbag.py:539} INFO - Filling up the DagBag from /opt/airflow/dags/dag_example2.py
[2025-10-28T01:18:22.798+0000] {logging_mixin.py:151} INFO - [2025-10-28T01:18:22.793+0000] {dagbag.py:347} ERROR - Failed to import: /opt/airflow/dags/dag_example2.py
Traceback (most recent call last):
  File "/home/airflow/.local/lib/python3.8/site-packages/airflow/models/dagbag.py", line 343, in parse
    loader.exec_module(new_module)
  File "<frozen importlib._bootstrap_external>", line 843, in exec_module
  File "<frozen importlib._bootstrap>", line 219, in _call_with_frames_removed
  File "/opt/airflow/dags/dag_example2.py", line 1, in <module>
    @dag(
NameError: name 'dag' is not defined
[2025-10-28T01:18:22.799+0000] {processor.py:841} WARNING - No viable dags retrieved from /opt/airflow/dags/dag_example2.py
[2025-10-28T01:18:22.850+0000] {processor.py:179} INFO - Processing /opt/airflow/dags/dag_example2.py took 0.089 seconds
[2025-10-28T01:18:53.547+0000] {processor.py:157} INFO - Started process (PID=137) to work on /opt/airflow/dags/dag_example2.py
[2025-10-28T01:18:53.551+0000] {processor.py:829} INFO - Processing file /opt/airflow/dags/dag_example2.py for tasks to queue
[2025-10-28T01:18:53.562+0000] {logging_mixin.py:151} INFO - [2025-10-28T01:18:53.561+0000] {dagbag.py:539} INFO - Filling up the DagBag from /opt/airflow/dags/dag_example2.py
[2025-10-28T01:18:53.577+0000] {logging_mixin.py:151} INFO - [2025-10-28T01:18:53.573+0000] {dagbag.py:347} ERROR - Failed to import: /opt/airflow/dags/dag_example2.py
Traceback (most recent call last):
  File "/home/airflow/.local/lib/python3.8/site-packages/airflow/models/dagbag.py", line 343, in parse
    loader.exec_module(new_module)
  File "<frozen importlib._bootstrap_external>", line 843, in exec_module
  File "<frozen importlib._bootstrap>", line 219, in _call_with_frames_removed
  File "/opt/airflow/dags/dag_example2.py", line 1, in <module>
    @dag(
NameError: name 'dag' is not defined
[2025-10-28T01:18:53.578+0000] {processor.py:841} WARNING - No viable dags retrieved from /opt/airflow/dags/dag_example2.py
[2025-10-28T01:18:53.662+0000] {processor.py:179} INFO - Processing /opt/airflow/dags/dag_example2.py took 0.145 seconds
[2025-10-28T01:19:24.135+0000] {processor.py:157} INFO - Started process (PID=146) to work on /opt/airflow/dags/dag_example2.py
[2025-10-28T01:19:24.138+0000] {processor.py:829} INFO - Processing file /opt/airflow/dags/dag_example2.py for tasks to queue
[2025-10-28T01:19:24.150+0000] {logging_mixin.py:151} INFO - [2025-10-28T01:19:24.150+0000] {dagbag.py:539} INFO - Filling up the DagBag from /opt/airflow/dags/dag_example2.py
[2025-10-28T01:19:24.161+0000] {logging_mixin.py:151} INFO - [2025-10-28T01:19:24.156+0000] {dagbag.py:347} ERROR - Failed to import: /opt/airflow/dags/dag_example2.py
Traceback (most recent call last):
  File "/home/airflow/.local/lib/python3.8/site-packages/airflow/models/dagbag.py", line 343, in parse
    loader.exec_module(new_module)
  File "<frozen importlib._bootstrap_external>", line 843, in exec_module
  File "<frozen importlib._bootstrap>", line 219, in _call_with_frames_removed
  File "/opt/airflow/dags/dag_example2.py", line 1, in <module>
    @dag(
NameError: name 'dag' is not defined
[2025-10-28T01:19:24.161+0000] {processor.py:841} WARNING - No viable dags retrieved from /opt/airflow/dags/dag_example2.py
[2025-10-28T01:19:24.206+0000] {processor.py:179} INFO - Processing /opt/airflow/dags/dag_example2.py took 0.090 seconds
[2025-10-28T01:19:54.634+0000] {processor.py:157} INFO - Started process (PID=155) to work on /opt/airflow/dags/dag_example2.py
[2025-10-28T01:19:54.635+0000] {processor.py:829} INFO - Processing file /opt/airflow/dags/dag_example2.py for tasks to queue
[2025-10-28T01:19:54.643+0000] {logging_mixin.py:151} INFO - [2025-10-28T01:19:54.641+0000] {dagbag.py:539} INFO - Filling up the DagBag from /opt/airflow/dags/dag_example2.py
[2025-10-28T01:19:54.651+0000] {logging_mixin.py:151} INFO - [2025-10-28T01:19:54.648+0000] {dagbag.py:347} ERROR - Failed to import: /opt/airflow/dags/dag_example2.py
Traceback (most recent call last):
  File "/home/airflow/.local/lib/python3.8/site-packages/airflow/models/dagbag.py", line 343, in parse
    loader.exec_module(new_module)
  File "<frozen importlib._bootstrap_external>", line 843, in exec_module
  File "<frozen importlib._bootstrap>", line 219, in _call_with_frames_removed
  File "/opt/airflow/dags/dag_example2.py", line 1, in <module>
    @dag(
NameError: name 'dag' is not defined
[2025-10-28T01:19:54.651+0000] {processor.py:841} WARNING - No viable dags retrieved from /opt/airflow/dags/dag_example2.py
[2025-10-28T01:19:54.701+0000] {processor.py:179} INFO - Processing /opt/airflow/dags/dag_example2.py took 0.074 seconds
[2025-10-28T01:20:25.775+0000] {processor.py:157} INFO - Started process (PID=164) to work on /opt/airflow/dags/dag_example2.py
[2025-10-28T01:20:25.778+0000] {processor.py:829} INFO - Processing file /opt/airflow/dags/dag_example2.py for tasks to queue
[2025-10-28T01:20:25.789+0000] {logging_mixin.py:151} INFO - [2025-10-28T01:20:25.788+0000] {dagbag.py:539} INFO - Filling up the DagBag from /opt/airflow/dags/dag_example2.py
[2025-10-28T01:20:25.809+0000] {logging_mixin.py:151} INFO - [2025-10-28T01:20:25.803+0000] {dagbag.py:347} ERROR - Failed to import: /opt/airflow/dags/dag_example2.py
Traceback (most recent call last):
  File "/home/airflow/.local/lib/python3.8/site-packages/airflow/models/dagbag.py", line 343, in parse
    loader.exec_module(new_module)
  File "<frozen importlib._bootstrap_external>", line 843, in exec_module
  File "<frozen importlib._bootstrap>", line 219, in _call_with_frames_removed
  File "/opt/airflow/dags/dag_example2.py", line 1, in <module>
    @dag(
NameError: name 'dag' is not defined
[2025-10-28T01:20:25.811+0000] {processor.py:841} WARNING - No viable dags retrieved from /opt/airflow/dags/dag_example2.py
[2025-10-28T01:20:25.863+0000] {processor.py:179} INFO - Processing /opt/airflow/dags/dag_example2.py took 0.105 seconds
[2025-10-28T01:20:56.218+0000] {processor.py:157} INFO - Started process (PID=173) to work on /opt/airflow/dags/dag_example2.py
[2025-10-28T01:20:56.221+0000] {processor.py:829} INFO - Processing file /opt/airflow/dags/dag_example2.py for tasks to queue
[2025-10-28T01:20:56.228+0000] {logging_mixin.py:151} INFO - [2025-10-28T01:20:56.228+0000] {dagbag.py:539} INFO - Filling up the DagBag from /opt/airflow/dags/dag_example2.py
[2025-10-28T01:20:56.237+0000] {logging_mixin.py:151} INFO - [2025-10-28T01:20:56.234+0000] {dagbag.py:347} ERROR - Failed to import: /opt/airflow/dags/dag_example2.py
Traceback (most recent call last):
  File "/home/airflow/.local/lib/python3.8/site-packages/airflow/models/dagbag.py", line 343, in parse
    loader.exec_module(new_module)
  File "<frozen importlib._bootstrap_external>", line 843, in exec_module
  File "<frozen importlib._bootstrap>", line 219, in _call_with_frames_removed
  File "/opt/airflow/dags/dag_example2.py", line 1, in <module>
    @dag(
NameError: name 'dag' is not defined
[2025-10-28T01:20:56.238+0000] {processor.py:841} WARNING - No viable dags retrieved from /opt/airflow/dags/dag_example2.py
[2025-10-28T01:20:56.263+0000] {processor.py:179} INFO - Processing /opt/airflow/dags/dag_example2.py took 0.052 seconds
[2025-10-28T01:21:26.686+0000] {processor.py:157} INFO - Started process (PID=182) to work on /opt/airflow/dags/dag_example2.py
[2025-10-28T01:21:26.688+0000] {processor.py:829} INFO - Processing file /opt/airflow/dags/dag_example2.py for tasks to queue
[2025-10-28T01:21:26.693+0000] {logging_mixin.py:151} INFO - [2025-10-28T01:21:26.693+0000] {dagbag.py:539} INFO - Filling up the DagBag from /opt/airflow/dags/dag_example2.py
[2025-10-28T01:21:26.703+0000] {logging_mixin.py:151} INFO - [2025-10-28T01:21:26.699+0000] {dagbag.py:347} ERROR - Failed to import: /opt/airflow/dags/dag_example2.py
Traceback (most recent call last):
  File "/home/airflow/.local/lib/python3.8/site-packages/airflow/models/dagbag.py", line 343, in parse
    loader.exec_module(new_module)
  File "<frozen importlib._bootstrap_external>", line 843, in exec_module
  File "<frozen importlib._bootstrap>", line 219, in _call_with_frames_removed
  File "/opt/airflow/dags/dag_example2.py", line 1, in <module>
    @dag(
NameError: name 'dag' is not defined
[2025-10-28T01:21:26.703+0000] {processor.py:841} WARNING - No viable dags retrieved from /opt/airflow/dags/dag_example2.py
[2025-10-28T01:21:26.746+0000] {processor.py:179} INFO - Processing /opt/airflow/dags/dag_example2.py took 0.073 seconds
[2025-10-28T01:21:57.153+0000] {processor.py:157} INFO - Started process (PID=198) to work on /opt/airflow/dags/dag_example2.py
[2025-10-28T01:21:57.154+0000] {processor.py:829} INFO - Processing file /opt/airflow/dags/dag_example2.py for tasks to queue
[2025-10-28T01:21:57.159+0000] {logging_mixin.py:151} INFO - [2025-10-28T01:21:57.159+0000] {dagbag.py:539} INFO - Filling up the DagBag from /opt/airflow/dags/dag_example2.py
[2025-10-28T01:21:57.165+0000] {logging_mixin.py:151} INFO - [2025-10-28T01:21:57.163+0000] {dagbag.py:347} ERROR - Failed to import: /opt/airflow/dags/dag_example2.py
Traceback (most recent call last):
  File "/home/airflow/.local/lib/python3.8/site-packages/airflow/models/dagbag.py", line 343, in parse
    loader.exec_module(new_module)
  File "<frozen importlib._bootstrap_external>", line 843, in exec_module
  File "<frozen importlib._bootstrap>", line 219, in _call_with_frames_removed
  File "/opt/airflow/dags/dag_example2.py", line 1, in <module>
    @dag(
NameError: name 'dag' is not defined
[2025-10-28T01:21:57.165+0000] {processor.py:841} WARNING - No viable dags retrieved from /opt/airflow/dags/dag_example2.py
[2025-10-28T01:21:57.190+0000] {processor.py:179} INFO - Processing /opt/airflow/dags/dag_example2.py took 0.044 seconds
[2025-10-28T01:22:28.175+0000] {processor.py:157} INFO - Started process (PID=207) to work on /opt/airflow/dags/dag_example2.py
[2025-10-28T01:22:28.177+0000] {processor.py:829} INFO - Processing file /opt/airflow/dags/dag_example2.py for tasks to queue
[2025-10-28T01:22:28.182+0000] {logging_mixin.py:151} INFO - [2025-10-28T01:22:28.181+0000] {dagbag.py:539} INFO - Filling up the DagBag from /opt/airflow/dags/dag_example2.py
[2025-10-28T01:22:28.188+0000] {logging_mixin.py:151} INFO - [2025-10-28T01:22:28.186+0000] {dagbag.py:347} ERROR - Failed to import: /opt/airflow/dags/dag_example2.py
Traceback (most recent call last):
  File "/home/airflow/.local/lib/python3.8/site-packages/airflow/models/dagbag.py", line 343, in parse
    loader.exec_module(new_module)
  File "<frozen importlib._bootstrap_external>", line 843, in exec_module
  File "<frozen importlib._bootstrap>", line 219, in _call_with_frames_removed
  File "/opt/airflow/dags/dag_example2.py", line 1, in <module>
    @dag(
NameError: name 'dag' is not defined
[2025-10-28T01:22:28.188+0000] {processor.py:841} WARNING - No viable dags retrieved from /opt/airflow/dags/dag_example2.py
[2025-10-28T01:22:28.209+0000] {processor.py:179} INFO - Processing /opt/airflow/dags/dag_example2.py took 0.041 seconds
[2025-10-28T01:22:58.629+0000] {processor.py:157} INFO - Started process (PID=216) to work on /opt/airflow/dags/dag_example2.py
[2025-10-28T01:22:58.632+0000] {processor.py:829} INFO - Processing file /opt/airflow/dags/dag_example2.py for tasks to queue
[2025-10-28T01:22:58.638+0000] {logging_mixin.py:151} INFO - [2025-10-28T01:22:58.637+0000] {dagbag.py:539} INFO - Filling up the DagBag from /opt/airflow/dags/dag_example2.py
[2025-10-28T01:22:58.645+0000] {logging_mixin.py:151} INFO - [2025-10-28T01:22:58.643+0000] {dagbag.py:347} ERROR - Failed to import: /opt/airflow/dags/dag_example2.py
Traceback (most recent call last):
  File "/home/airflow/.local/lib/python3.8/site-packages/airflow/models/dagbag.py", line 343, in parse
    loader.exec_module(new_module)
  File "<frozen importlib._bootstrap_external>", line 843, in exec_module
  File "<frozen importlib._bootstrap>", line 219, in _call_with_frames_removed
  File "/opt/airflow/dags/dag_example2.py", line 1, in <module>
    @dag(
NameError: name 'dag' is not defined
[2025-10-28T01:22:58.646+0000] {processor.py:841} WARNING - No viable dags retrieved from /opt/airflow/dags/dag_example2.py
[2025-10-28T01:22:58.673+0000] {processor.py:179} INFO - Processing /opt/airflow/dags/dag_example2.py took 0.052 seconds
[2025-10-28T01:23:29.037+0000] {processor.py:157} INFO - Started process (PID=225) to work on /opt/airflow/dags/dag_example2.py
[2025-10-28T01:23:29.039+0000] {processor.py:829} INFO - Processing file /opt/airflow/dags/dag_example2.py for tasks to queue
[2025-10-28T01:23:29.045+0000] {logging_mixin.py:151} INFO - [2025-10-28T01:23:29.044+0000] {dagbag.py:539} INFO - Filling up the DagBag from /opt/airflow/dags/dag_example2.py
[2025-10-28T01:23:29.062+0000] {logging_mixin.py:151} INFO - [2025-10-28T01:23:29.056+0000] {dagbag.py:347} ERROR - Failed to import: /opt/airflow/dags/dag_example2.py
Traceback (most recent call last):
  File "/home/airflow/.local/lib/python3.8/site-packages/airflow/models/dagbag.py", line 343, in parse
    loader.exec_module(new_module)
  File "<frozen importlib._bootstrap_external>", line 843, in exec_module
  File "<frozen importlib._bootstrap>", line 219, in _call_with_frames_removed
  File "/opt/airflow/dags/dag_example2.py", line 1, in <module>
    @dag(
NameError: name 'dag' is not defined
[2025-10-28T01:23:29.062+0000] {processor.py:841} WARNING - No viable dags retrieved from /opt/airflow/dags/dag_example2.py
[2025-10-28T01:23:29.085+0000] {processor.py:179} INFO - Processing /opt/airflow/dags/dag_example2.py took 0.056 seconds
[2025-10-28T01:23:59.527+0000] {processor.py:157} INFO - Started process (PID=234) to work on /opt/airflow/dags/dag_example2.py
[2025-10-28T01:23:59.529+0000] {processor.py:829} INFO - Processing file /opt/airflow/dags/dag_example2.py for tasks to queue
[2025-10-28T01:23:59.533+0000] {logging_mixin.py:151} INFO - [2025-10-28T01:23:59.532+0000] {dagbag.py:539} INFO - Filling up the DagBag from /opt/airflow/dags/dag_example2.py
[2025-10-28T01:23:59.543+0000] {logging_mixin.py:151} INFO - [2025-10-28T01:23:59.540+0000] {dagbag.py:347} ERROR - Failed to import: /opt/airflow/dags/dag_example2.py
Traceback (most recent call last):
  File "/home/airflow/.local/lib/python3.8/site-packages/airflow/models/dagbag.py", line 343, in parse
    loader.exec_module(new_module)
  File "<frozen importlib._bootstrap_external>", line 843, in exec_module
  File "<frozen importlib._bootstrap>", line 219, in _call_with_frames_removed
  File "/opt/airflow/dags/dag_example2.py", line 1, in <module>
    @dag(
NameError: name 'dag' is not defined
[2025-10-28T01:23:59.545+0000] {processor.py:841} WARNING - No viable dags retrieved from /opt/airflow/dags/dag_example2.py
[2025-10-28T01:23:59.571+0000] {processor.py:179} INFO - Processing /opt/airflow/dags/dag_example2.py took 0.054 seconds
[2025-10-28T01:24:30.377+0000] {processor.py:157} INFO - Started process (PID=243) to work on /opt/airflow/dags/dag_example2.py
[2025-10-28T01:24:30.379+0000] {processor.py:829} INFO - Processing file /opt/airflow/dags/dag_example2.py for tasks to queue
[2025-10-28T01:24:30.385+0000] {logging_mixin.py:151} INFO - [2025-10-28T01:24:30.385+0000] {dagbag.py:539} INFO - Filling up the DagBag from /opt/airflow/dags/dag_example2.py
[2025-10-28T01:24:30.394+0000] {logging_mixin.py:151} INFO - [2025-10-28T01:24:30.391+0000] {dagbag.py:347} ERROR - Failed to import: /opt/airflow/dags/dag_example2.py
Traceback (most recent call last):
  File "/home/airflow/.local/lib/python3.8/site-packages/airflow/models/dagbag.py", line 343, in parse
    loader.exec_module(new_module)
  File "<frozen importlib._bootstrap_external>", line 843, in exec_module
  File "<frozen importlib._bootstrap>", line 219, in _call_with_frames_removed
  File "/opt/airflow/dags/dag_example2.py", line 1, in <module>
    @dag(
NameError: name 'dag' is not defined
[2025-10-28T01:24:30.395+0000] {processor.py:841} WARNING - No viable dags retrieved from /opt/airflow/dags/dag_example2.py
[2025-10-28T01:24:30.427+0000] {processor.py:179} INFO - Processing /opt/airflow/dags/dag_example2.py took 0.058 seconds
[2025-10-28T01:25:00.871+0000] {processor.py:157} INFO - Started process (PID=252) to work on /opt/airflow/dags/dag_example2.py
[2025-10-28T01:25:00.874+0000] {processor.py:829} INFO - Processing file /opt/airflow/dags/dag_example2.py for tasks to queue
[2025-10-28T01:25:00.878+0000] {logging_mixin.py:151} INFO - [2025-10-28T01:25:00.878+0000] {dagbag.py:539} INFO - Filling up the DagBag from /opt/airflow/dags/dag_example2.py
[2025-10-28T01:25:00.889+0000] {logging_mixin.py:151} INFO - [2025-10-28T01:25:00.888+0000] {dagbag.py:347} ERROR - Failed to import: /opt/airflow/dags/dag_example2.py
Traceback (most recent call last):
  File "/home/airflow/.local/lib/python3.8/site-packages/airflow/models/dagbag.py", line 343, in parse
    loader.exec_module(new_module)
  File "<frozen importlib._bootstrap_external>", line 843, in exec_module
  File "<frozen importlib._bootstrap>", line 219, in _call_with_frames_removed
  File "/opt/airflow/dags/dag_example2.py", line 1, in <module>
    @dag(
NameError: name 'dag' is not defined
[2025-10-28T01:25:00.890+0000] {processor.py:841} WARNING - No viable dags retrieved from /opt/airflow/dags/dag_example2.py
[2025-10-28T01:25:00.982+0000] {processor.py:179} INFO - Processing /opt/airflow/dags/dag_example2.py took 0.123 seconds
[2025-10-28T01:27:09.310+0000] {processor.py:157} INFO - Started process (PID=52) to work on /opt/airflow/dags/dag_example2.py
[2025-10-28T01:27:09.316+0000] {processor.py:829} INFO - Processing file /opt/airflow/dags/dag_example2.py for tasks to queue
[2025-10-28T01:27:09.321+0000] {logging_mixin.py:151} INFO - [2025-10-28T01:27:09.321+0000] {dagbag.py:539} INFO - Filling up the DagBag from /opt/airflow/dags/dag_example2.py
[2025-10-28T01:27:09.348+0000] {logging_mixin.py:151} INFO - [2025-10-28T01:27:09.335+0000] {dagbag.py:347} ERROR - Failed to import: /opt/airflow/dags/dag_example2.py
Traceback (most recent call last):
  File "/home/airflow/.local/lib/python3.8/site-packages/airflow/models/dagbag.py", line 343, in parse
    loader.exec_module(new_module)
  File "<frozen importlib._bootstrap_external>", line 843, in exec_module
  File "<frozen importlib._bootstrap>", line 219, in _call_with_frames_removed
  File "/opt/airflow/dags/dag_example2.py", line 1, in <module>
    @dag(
NameError: name 'dag' is not defined
[2025-10-28T01:27:09.348+0000] {processor.py:841} WARNING - No viable dags retrieved from /opt/airflow/dags/dag_example2.py
[2025-10-28T01:27:09.382+0000] {processor.py:179} INFO - Processing /opt/airflow/dags/dag_example2.py took 0.077 seconds
[2025-10-28T01:27:40.467+0000] {processor.py:157} INFO - Started process (PID=61) to work on /opt/airflow/dags/dag_example2.py
[2025-10-28T01:27:40.474+0000] {processor.py:829} INFO - Processing file /opt/airflow/dags/dag_example2.py for tasks to queue
[2025-10-28T01:27:40.558+0000] {logging_mixin.py:151} INFO - [2025-10-28T01:27:40.545+0000] {dagbag.py:539} INFO - Filling up the DagBag from /opt/airflow/dags/dag_example2.py
[2025-10-28T01:27:40.858+0000] {logging_mixin.py:151} INFO - [2025-10-28T01:27:40.771+0000] {dagbag.py:347} ERROR - Failed to import: /opt/airflow/dags/dag_example2.py
Traceback (most recent call last):
  File "/home/airflow/.local/lib/python3.8/site-packages/airflow/models/dagbag.py", line 343, in parse
    loader.exec_module(new_module)
  File "<frozen importlib._bootstrap_external>", line 843, in exec_module
  File "<frozen importlib._bootstrap>", line 219, in _call_with_frames_removed
  File "/opt/airflow/dags/dag_example2.py", line 1, in <module>
    @dag(
NameError: name 'dag' is not defined
[2025-10-28T01:27:40.863+0000] {processor.py:841} WARNING - No viable dags retrieved from /opt/airflow/dags/dag_example2.py
[2025-10-28T01:27:46.021+0000] {processor.py:179} INFO - Processing /opt/airflow/dags/dag_example2.py took 5.590 seconds
[2025-10-28T01:28:16.079+0000] {processor.py:157} INFO - Started process (PID=77) to work on /opt/airflow/dags/dag_example2.py
[2025-10-28T01:28:16.081+0000] {processor.py:829} INFO - Processing file /opt/airflow/dags/dag_example2.py for tasks to queue
[2025-10-28T01:28:16.087+0000] {logging_mixin.py:151} INFO - [2025-10-28T01:28:16.087+0000] {dagbag.py:539} INFO - Filling up the DagBag from /opt/airflow/dags/dag_example2.py
[2025-10-28T01:28:16.094+0000] {logging_mixin.py:151} INFO - [2025-10-28T01:28:16.091+0000] {dagbag.py:347} ERROR - Failed to import: /opt/airflow/dags/dag_example2.py
Traceback (most recent call last):
  File "/home/airflow/.local/lib/python3.8/site-packages/airflow/models/dagbag.py", line 343, in parse
    loader.exec_module(new_module)
  File "<frozen importlib._bootstrap_external>", line 843, in exec_module
  File "<frozen importlib._bootstrap>", line 219, in _call_with_frames_removed
  File "/opt/airflow/dags/dag_example2.py", line 1, in <module>
    @dag(
NameError: name 'dag' is not defined
[2025-10-28T01:28:16.094+0000] {processor.py:841} WARNING - No viable dags retrieved from /opt/airflow/dags/dag_example2.py
[2025-10-28T01:28:16.121+0000] {processor.py:179} INFO - Processing /opt/airflow/dags/dag_example2.py took 0.049 seconds
[2025-10-28T01:28:56.591+0000] {processor.py:157} INFO - Started process (PID=85) to work on /opt/airflow/dags/dag_example2.py
[2025-10-28T01:28:56.643+0000] {processor.py:829} INFO - Processing file /opt/airflow/dags/dag_example2.py for tasks to queue
[2025-10-28T01:28:56.904+0000] {logging_mixin.py:151} INFO - [2025-10-28T01:28:56.891+0000] {dagbag.py:539} INFO - Filling up the DagBag from /opt/airflow/dags/dag_example2.py
[2025-10-28T01:28:57.048+0000] {logging_mixin.py:151} INFO - [2025-10-28T01:28:57.023+0000] {dagbag.py:347} ERROR - Failed to import: /opt/airflow/dags/dag_example2.py
Traceback (most recent call last):
  File "/home/airflow/.local/lib/python3.8/site-packages/airflow/models/dagbag.py", line 343, in parse
    loader.exec_module(new_module)
  File "<frozen importlib._bootstrap_external>", line 843, in exec_module
  File "<frozen importlib._bootstrap>", line 219, in _call_with_frames_removed
  File "/opt/airflow/dags/dag_example2.py", line 1, in <module>
    @dag(
NameError: name 'dag' is not defined
[2025-10-28T01:28:57.058+0000] {processor.py:841} WARNING - No viable dags retrieved from /opt/airflow/dags/dag_example2.py
[2025-10-28T01:28:58.005+0000] {processor.py:179} INFO - Processing /opt/airflow/dags/dag_example2.py took 1.508 seconds
[2025-10-28T01:29:28.262+0000] {processor.py:157} INFO - Started process (PID=95) to work on /opt/airflow/dags/dag_example2.py
[2025-10-28T01:29:28.265+0000] {processor.py:829} INFO - Processing file /opt/airflow/dags/dag_example2.py for tasks to queue
[2025-10-28T01:29:28.318+0000] {logging_mixin.py:151} INFO - [2025-10-28T01:29:28.315+0000] {dagbag.py:539} INFO - Filling up the DagBag from /opt/airflow/dags/dag_example2.py
[2025-10-28T01:29:28.356+0000] {logging_mixin.py:151} INFO - [2025-10-28T01:29:28.346+0000] {dagbag.py:347} ERROR - Failed to import: /opt/airflow/dags/dag_example2.py
Traceback (most recent call last):
  File "/home/airflow/.local/lib/python3.8/site-packages/airflow/models/dagbag.py", line 343, in parse
    loader.exec_module(new_module)
  File "<frozen importlib._bootstrap_external>", line 843, in exec_module
  File "<frozen importlib._bootstrap>", line 219, in _call_with_frames_removed
  File "/opt/airflow/dags/dag_example2.py", line 1, in <module>
    @dag(
NameError: name 'dag' is not defined
[2025-10-28T01:29:28.359+0000] {processor.py:841} WARNING - No viable dags retrieved from /opt/airflow/dags/dag_example2.py
[2025-10-28T01:29:28.451+0000] {processor.py:179} INFO - Processing /opt/airflow/dags/dag_example2.py took 0.231 seconds
[2025-10-28T01:29:58.798+0000] {processor.py:157} INFO - Started process (PID=104) to work on /opt/airflow/dags/dag_example2.py
[2025-10-28T01:29:58.801+0000] {processor.py:829} INFO - Processing file /opt/airflow/dags/dag_example2.py for tasks to queue
[2025-10-28T01:29:58.807+0000] {logging_mixin.py:151} INFO - [2025-10-28T01:29:58.807+0000] {dagbag.py:539} INFO - Filling up the DagBag from /opt/airflow/dags/dag_example2.py
[2025-10-28T01:29:58.816+0000] {logging_mixin.py:151} INFO - [2025-10-28T01:29:58.814+0000] {dagbag.py:347} ERROR - Failed to import: /opt/airflow/dags/dag_example2.py
Traceback (most recent call last):
  File "/home/airflow/.local/lib/python3.8/site-packages/airflow/models/dagbag.py", line 343, in parse
    loader.exec_module(new_module)
  File "<frozen importlib._bootstrap_external>", line 843, in exec_module
  File "<frozen importlib._bootstrap>", line 219, in _call_with_frames_removed
  File "/opt/airflow/dags/dag_example2.py", line 1, in <module>
    @dag(
NameError: name 'dag' is not defined
[2025-10-28T01:29:58.817+0000] {processor.py:841} WARNING - No viable dags retrieved from /opt/airflow/dags/dag_example2.py
[2025-10-28T01:29:58.851+0000] {processor.py:179} INFO - Processing /opt/airflow/dags/dag_example2.py took 0.065 seconds
[2025-10-28T01:30:14.237+0000] {processor.py:157} INFO - Started process (PID=106) to work on /opt/airflow/dags/dag_example2.py
[2025-10-28T01:30:14.238+0000] {processor.py:829} INFO - Processing file /opt/airflow/dags/dag_example2.py for tasks to queue
[2025-10-28T01:30:14.245+0000] {logging_mixin.py:151} INFO - [2025-10-28T01:30:14.244+0000] {dagbag.py:539} INFO - Filling up the DagBag from /opt/airflow/dags/dag_example2.py
[2025-10-28T01:30:14.256+0000] {logging_mixin.py:151} INFO - [2025-10-28T01:30:14.254+0000] {dagbag.py:347} ERROR - Failed to import: /opt/airflow/dags/dag_example2.py
Traceback (most recent call last):
  File "/home/airflow/.local/lib/python3.8/site-packages/airflow/models/dagbag.py", line 343, in parse
    loader.exec_module(new_module)
  File "<frozen importlib._bootstrap_external>", line 843, in exec_module
  File "<frozen importlib._bootstrap>", line 219, in _call_with_frames_removed
  File "/opt/airflow/dags/dag_example2.py", line 4, in <module>
    @dag(
NameError: name 'dag' is not defined
[2025-10-28T01:30:14.256+0000] {processor.py:841} WARNING - No viable dags retrieved from /opt/airflow/dags/dag_example2.py
[2025-10-28T01:30:14.288+0000] {processor.py:179} INFO - Processing /opt/airflow/dags/dag_example2.py took 0.060 seconds
[2025-10-28T01:30:41.840+0000] {processor.py:157} INFO - Started process (PID=115) to work on /opt/airflow/dags/dag_example2.py
[2025-10-28T01:30:41.842+0000] {processor.py:829} INFO - Processing file /opt/airflow/dags/dag_example2.py for tasks to queue
[2025-10-28T01:30:41.852+0000] {logging_mixin.py:151} INFO - [2025-10-28T01:30:41.851+0000] {dagbag.py:539} INFO - Filling up the DagBag from /opt/airflow/dags/dag_example2.py
[2025-10-28T01:30:41.863+0000] {logging_mixin.py:151} INFO - [2025-10-28T01:30:41.860+0000] {dagbag.py:347} ERROR - Failed to import: /opt/airflow/dags/dag_example2.py
Traceback (most recent call last):
  File "/home/airflow/.local/lib/python3.8/site-packages/airflow/models/dagbag.py", line 343, in parse
    loader.exec_module(new_module)
  File "<frozen importlib._bootstrap_external>", line 839, in exec_module
  File "<frozen importlib._bootstrap_external>", line 976, in get_code
  File "<frozen importlib._bootstrap_external>", line 906, in source_to_code
  File "<frozen importlib._bootstrap>", line 219, in _call_with_frames_removed
  File "/opt/airflow/dags/dag_example2.py", line 1
    from
        ^
SyntaxError: invalid syntax
[2025-10-28T01:30:41.864+0000] {processor.py:841} WARNING - No viable dags retrieved from /opt/airflow/dags/dag_example2.py
[2025-10-28T01:30:41.909+0000] {processor.py:179} INFO - Processing /opt/airflow/dags/dag_example2.py took 0.079 seconds
[2025-10-28T01:30:45.901+0000] {processor.py:157} INFO - Started process (PID=116) to work on /opt/airflow/dags/dag_example2.py
[2025-10-28T01:30:45.902+0000] {processor.py:829} INFO - Processing file /opt/airflow/dags/dag_example2.py for tasks to queue
[2025-10-28T01:30:45.906+0000] {logging_mixin.py:151} INFO - [2025-10-28T01:30:45.906+0000] {dagbag.py:539} INFO - Filling up the DagBag from /opt/airflow/dags/dag_example2.py
[2025-10-28T01:30:45.910+0000] {logging_mixin.py:151} INFO - [2025-10-28T01:30:45.909+0000] {dagbag.py:347} ERROR - Failed to import: /opt/airflow/dags/dag_example2.py
Traceback (most recent call last):
  File "/home/airflow/.local/lib/python3.8/site-packages/airflow/models/dagbag.py", line 343, in parse
    loader.exec_module(new_module)
  File "<frozen importlib._bootstrap_external>", line 839, in exec_module
  File "<frozen importlib._bootstrap_external>", line 976, in get_code
  File "<frozen importlib._bootstrap_external>", line 906, in source_to_code
  File "<frozen importlib._bootstrap>", line 219, in _call_with_frames_removed
  File "/opt/airflow/dags/dag_example2.py", line 1
    from air
           ^
SyntaxError: invalid syntax
[2025-10-28T01:30:45.910+0000] {processor.py:841} WARNING - No viable dags retrieved from /opt/airflow/dags/dag_example2.py
[2025-10-28T01:30:45.927+0000] {processor.py:179} INFO - Processing /opt/airflow/dags/dag_example2.py took 0.031 seconds
[2025-10-28T01:30:47.934+0000] {processor.py:157} INFO - Started process (PID=117) to work on /opt/airflow/dags/dag_example2.py
[2025-10-28T01:30:47.936+0000] {processor.py:829} INFO - Processing file /opt/airflow/dags/dag_example2.py for tasks to queue
[2025-10-28T01:30:47.943+0000] {logging_mixin.py:151} INFO - [2025-10-28T01:30:47.943+0000] {dagbag.py:539} INFO - Filling up the DagBag from /opt/airflow/dags/dag_example2.py
[2025-10-28T01:30:47.949+0000] {logging_mixin.py:151} INFO - [2025-10-28T01:30:47.948+0000] {dagbag.py:347} ERROR - Failed to import: /opt/airflow/dags/dag_example2.py
Traceback (most recent call last):
  File "/home/airflow/.local/lib/python3.8/site-packages/airflow/models/dagbag.py", line 343, in parse
    loader.exec_module(new_module)
  File "<frozen importlib._bootstrap_external>", line 839, in exec_module
  File "<frozen importlib._bootstrap_external>", line 976, in get_code
  File "<frozen importlib._bootstrap_external>", line 906, in source_to_code
  File "<frozen importlib._bootstrap>", line 219, in _call_with_frames_removed
  File "/opt/airflow/dags/dag_example2.py", line 1
    from airflow
               ^
SyntaxError: invalid syntax
[2025-10-28T01:30:47.950+0000] {processor.py:841} WARNING - No viable dags retrieved from /opt/airflow/dags/dag_example2.py
[2025-10-28T01:30:47.970+0000] {processor.py:179} INFO - Processing /opt/airflow/dags/dag_example2.py took 0.043 seconds
[2025-10-28T01:30:49.040+0000] {processor.py:157} INFO - Started process (PID=118) to work on /opt/airflow/dags/dag_example2.py
[2025-10-28T01:30:49.040+0000] {processor.py:829} INFO - Processing file /opt/airflow/dags/dag_example2.py for tasks to queue
[2025-10-28T01:30:49.043+0000] {logging_mixin.py:151} INFO - [2025-10-28T01:30:49.042+0000] {dagbag.py:539} INFO - Filling up the DagBag from /opt/airflow/dags/dag_example2.py
[2025-10-28T01:30:49.051+0000] {logging_mixin.py:151} INFO - [2025-10-28T01:30:49.049+0000] {dagbag.py:347} ERROR - Failed to import: /opt/airflow/dags/dag_example2.py
Traceback (most recent call last):
  File "/home/airflow/.local/lib/python3.8/site-packages/airflow/models/dagbag.py", line 343, in parse
    loader.exec_module(new_module)
  File "<frozen importlib._bootstrap_external>", line 843, in exec_module
  File "<frozen importlib._bootstrap>", line 219, in _call_with_frames_removed
  File "/opt/airflow/dags/dag_example2.py", line 6, in <module>
    start_date=pendulum.datetime(2021, 1, 1, tz="UTC"),
NameError: name 'pendulum' is not defined
[2025-10-28T01:30:49.051+0000] {processor.py:841} WARNING - No viable dags retrieved from /opt/airflow/dags/dag_example2.py
[2025-10-28T01:30:49.084+0000] {processor.py:179} INFO - Processing /opt/airflow/dags/dag_example2.py took 0.047 seconds
[2025-10-28T01:30:51.148+0000] {processor.py:157} INFO - Started process (PID=119) to work on /opt/airflow/dags/dag_example2.py
[2025-10-28T01:30:51.149+0000] {processor.py:829} INFO - Processing file /opt/airflow/dags/dag_example2.py for tasks to queue
[2025-10-28T01:30:51.151+0000] {logging_mixin.py:151} INFO - [2025-10-28T01:30:51.151+0000] {dagbag.py:539} INFO - Filling up the DagBag from /opt/airflow/dags/dag_example2.py
[2025-10-28T01:30:51.155+0000] {logging_mixin.py:151} INFO - [2025-10-28T01:30:51.155+0000] {dagbag.py:347} ERROR - Failed to import: /opt/airflow/dags/dag_example2.py
Traceback (most recent call last):
  File "/home/airflow/.local/lib/python3.8/site-packages/airflow/models/dagbag.py", line 343, in parse
    loader.exec_module(new_module)
  File "<frozen importlib._bootstrap_external>", line 843, in exec_module
  File "<frozen importlib._bootstrap>", line 219, in _call_with_frames_removed
  File "/opt/airflow/dags/dag_example2.py", line 7, in <module>
    start_date=pendulum.datetime(2021, 1, 1, tz="UTC"),
NameError: name 'pendulum' is not defined
[2025-10-28T01:30:51.156+0000] {processor.py:841} WARNING - No viable dags retrieved from /opt/airflow/dags/dag_example2.py
[2025-10-28T01:30:51.210+0000] {processor.py:179} INFO - Processing /opt/airflow/dags/dag_example2.py took 0.064 seconds
[2025-10-28T01:30:52.186+0000] {processor.py:157} INFO - Started process (PID=120) to work on /opt/airflow/dags/dag_example2.py
[2025-10-28T01:30:52.188+0000] {processor.py:829} INFO - Processing file /opt/airflow/dags/dag_example2.py for tasks to queue
[2025-10-28T01:30:52.192+0000] {logging_mixin.py:151} INFO - [2025-10-28T01:30:52.192+0000] {dagbag.py:539} INFO - Filling up the DagBag from /opt/airflow/dags/dag_example2.py
[2025-10-28T01:30:52.200+0000] {logging_mixin.py:151} INFO - [2025-10-28T01:30:52.198+0000] {dagbag.py:347} ERROR - Failed to import: /opt/airflow/dags/dag_example2.py
Traceback (most recent call last):
  File "/home/airflow/.local/lib/python3.8/site-packages/airflow/models/dagbag.py", line 343, in parse
    loader.exec_module(new_module)
  File "<frozen importlib._bootstrap_external>", line 843, in exec_module
  File "<frozen importlib._bootstrap>", line 219, in _call_with_frames_removed
  File "/opt/airflow/dags/dag_example2.py", line 3, in <module>
    from airflow.providers.smtp.operators.email import EmailOperator
ModuleNotFoundError: No module named 'airflow.providers.smtp'
[2025-10-28T01:30:52.200+0000] {processor.py:841} WARNING - No viable dags retrieved from /opt/airflow/dags/dag_example2.py
[2025-10-28T01:30:52.226+0000] {processor.py:179} INFO - Processing /opt/airflow/dags/dag_example2.py took 0.045 seconds
[2025-10-28T01:30:54.275+0000] {processor.py:157} INFO - Started process (PID=121) to work on /opt/airflow/dags/dag_example2.py
[2025-10-28T01:30:54.276+0000] {processor.py:829} INFO - Processing file /opt/airflow/dags/dag_example2.py for tasks to queue
[2025-10-28T01:30:54.279+0000] {logging_mixin.py:151} INFO - [2025-10-28T01:30:54.279+0000] {dagbag.py:539} INFO - Filling up the DagBag from /opt/airflow/dags/dag_example2.py
[2025-10-28T01:30:54.286+0000] {logging_mixin.py:151} INFO - [2025-10-28T01:30:54.285+0000] {dagbag.py:347} ERROR - Failed to import: /opt/airflow/dags/dag_example2.py
Traceback (most recent call last):
  File "/home/airflow/.local/lib/python3.8/site-packages/airflow/models/dagbag.py", line 343, in parse
    loader.exec_module(new_module)
  File "<frozen importlib._bootstrap_external>", line 843, in exec_module
  File "<frozen importlib._bootstrap>", line 219, in _call_with_frames_removed
  File "/opt/airflow/dags/dag_example2.py", line 3, in <module>
    from airflow.providers.smtp.operators.email import EmailOperator
ModuleNotFoundError: No module named 'airflow.providers.smtp'
[2025-10-28T01:30:54.286+0000] {processor.py:841} WARNING - No viable dags retrieved from /opt/airflow/dags/dag_example2.py
[2025-10-28T01:30:54.318+0000] {processor.py:179} INFO - Processing /opt/airflow/dags/dag_example2.py took 0.049 seconds
[2025-10-28T01:30:56.311+0000] {processor.py:157} INFO - Started process (PID=122) to work on /opt/airflow/dags/dag_example2.py
[2025-10-28T01:30:56.312+0000] {processor.py:829} INFO - Processing file /opt/airflow/dags/dag_example2.py for tasks to queue
[2025-10-28T01:30:56.354+0000] {logging_mixin.py:151} INFO - [2025-10-28T01:30:56.353+0000] {dagbag.py:539} INFO - Filling up the DagBag from /opt/airflow/dags/dag_example2.py
[2025-10-28T01:30:56.362+0000] {logging_mixin.py:151} INFO - [2025-10-28T01:30:56.360+0000] {dagbag.py:347} ERROR - Failed to import: /opt/airflow/dags/dag_example2.py
Traceback (most recent call last):
  File "/home/airflow/.local/lib/python3.8/site-packages/airflow/models/dagbag.py", line 343, in parse
    loader.exec_module(new_module)
  File "<frozen importlib._bootstrap_external>", line 843, in exec_module
  File "<frozen importlib._bootstrap>", line 219, in _call_with_frames_removed
  File "/opt/airflow/dags/dag_example2.py", line 3, in <module>
    from airflow.providers.smtp.operators.email import EmailOperator
ModuleNotFoundError: No module named 'airflow.providers.smtp'
[2025-10-28T01:30:56.362+0000] {processor.py:841} WARNING - No viable dags retrieved from /opt/airflow/dags/dag_example2.py
[2025-10-28T01:30:56.406+0000] {processor.py:179} INFO - Processing /opt/airflow/dags/dag_example2.py took 0.101 seconds
[2025-10-28T01:30:58.377+0000] {processor.py:157} INFO - Started process (PID=130) to work on /opt/airflow/dags/dag_example2.py
[2025-10-28T01:30:58.378+0000] {processor.py:829} INFO - Processing file /opt/airflow/dags/dag_example2.py for tasks to queue
[2025-10-28T01:30:58.381+0000] {logging_mixin.py:151} INFO - [2025-10-28T01:30:58.381+0000] {dagbag.py:539} INFO - Filling up the DagBag from /opt/airflow/dags/dag_example2.py
[2025-10-28T01:30:58.387+0000] {logging_mixin.py:151} INFO - [2025-10-28T01:30:58.386+0000] {dagbag.py:347} ERROR - Failed to import: /opt/airflow/dags/dag_example2.py
Traceback (most recent call last):
  File "/home/airflow/.local/lib/python3.8/site-packages/airflow/models/dagbag.py", line 343, in parse
    loader.exec_module(new_module)
  File "<frozen importlib._bootstrap_external>", line 843, in exec_module
  File "<frozen importlib._bootstrap>", line 219, in _call_with_frames_removed
  File "/opt/airflow/dags/dag_example2.py", line 3, in <module>
    from airflow.providers.smtp.operators.email import EmailOperator
ModuleNotFoundError: No module named 'airflow.providers.smtp'
[2025-10-28T01:30:58.387+0000] {processor.py:841} WARNING - No viable dags retrieved from /opt/airflow/dags/dag_example2.py
[2025-10-28T01:30:58.444+0000] {processor.py:179} INFO - Processing /opt/airflow/dags/dag_example2.py took 0.072 seconds
[2025-10-28T01:31:46.024+0000] {processor.py:157} INFO - Started process (PID=132) to work on /opt/airflow/dags/dag_example2.py
[2025-10-28T01:31:46.056+0000] {processor.py:829} INFO - Processing file /opt/airflow/dags/dag_example2.py for tasks to queue
[2025-10-28T01:31:54.357+0000] {logging_mixin.py:151} INFO - [2025-10-28T01:31:48.798+0000] {dagbag.py:539} INFO - Filling up the DagBag from /opt/airflow/dags/dag_example2.py
[2025-10-28T01:32:05.001+0000] {logging_mixin.py:151} INFO - [2025-10-28T01:31:59.752+0000] {dagbag.py:347} ERROR - Failed to import: /opt/airflow/dags/dag_example2.py
Traceback (most recent call last):
  File "/home/airflow/.local/lib/python3.8/site-packages/airflow/models/dagbag.py", line 343, in parse
    loader.exec_module(new_module)
  File "<frozen importlib._bootstrap_external>", line 843, in exec_module
  File "<frozen importlib._bootstrap>", line 219, in _call_with_frames_removed
  File "/opt/airflow/dags/dag_example2.py", line 3, in <module>
    from airflow.providers.smtp.operators.email import EmailOperator
ModuleNotFoundError: No module named 'airflow.providers.smtp'
[2025-10-28T01:32:05.108+0000] {processor.py:841} WARNING - No viable dags retrieved from /opt/airflow/dags/dag_example2.py
[2025-10-28T01:32:06.762+0000] {processor.py:179} INFO - Processing /opt/airflow/dags/dag_example2.py took 20.809 seconds
[2025-10-28T01:32:38.081+0000] {processor.py:157} INFO - Started process (PID=141) to work on /opt/airflow/dags/dag_example2.py
[2025-10-28T01:32:38.083+0000] {processor.py:829} INFO - Processing file /opt/airflow/dags/dag_example2.py for tasks to queue
[2025-10-28T01:32:38.088+0000] {logging_mixin.py:151} INFO - [2025-10-28T01:32:38.087+0000] {dagbag.py:539} INFO - Filling up the DagBag from /opt/airflow/dags/dag_example2.py
[2025-10-28T01:32:38.099+0000] {logging_mixin.py:151} INFO - [2025-10-28T01:32:38.096+0000] {dagbag.py:347} ERROR - Failed to import: /opt/airflow/dags/dag_example2.py
Traceback (most recent call last):
  File "/home/airflow/.local/lib/python3.8/site-packages/airflow/models/dagbag.py", line 343, in parse
    loader.exec_module(new_module)
  File "<frozen importlib._bootstrap_external>", line 843, in exec_module
  File "<frozen importlib._bootstrap>", line 219, in _call_with_frames_removed
  File "/opt/airflow/dags/dag_example2.py", line 3, in <module>
    from airflow.providers.smtp.operators.email import EmailOperator
ModuleNotFoundError: No module named 'airflow.providers.smtp'
[2025-10-28T01:32:38.099+0000] {processor.py:841} WARNING - No viable dags retrieved from /opt/airflow/dags/dag_example2.py
[2025-10-28T01:32:38.127+0000] {processor.py:179} INFO - Processing /opt/airflow/dags/dag_example2.py took 0.051 seconds
[2025-10-28T01:33:08.450+0000] {processor.py:157} INFO - Started process (PID=150) to work on /opt/airflow/dags/dag_example2.py
[2025-10-28T01:33:08.452+0000] {processor.py:829} INFO - Processing file /opt/airflow/dags/dag_example2.py for tasks to queue
[2025-10-28T01:33:08.456+0000] {logging_mixin.py:151} INFO - [2025-10-28T01:33:08.456+0000] {dagbag.py:539} INFO - Filling up the DagBag from /opt/airflow/dags/dag_example2.py
[2025-10-28T01:33:08.462+0000] {logging_mixin.py:151} INFO - [2025-10-28T01:33:08.461+0000] {dagbag.py:347} ERROR - Failed to import: /opt/airflow/dags/dag_example2.py
Traceback (most recent call last):
  File "/home/airflow/.local/lib/python3.8/site-packages/airflow/models/dagbag.py", line 343, in parse
    loader.exec_module(new_module)
  File "<frozen importlib._bootstrap_external>", line 843, in exec_module
  File "<frozen importlib._bootstrap>", line 219, in _call_with_frames_removed
  File "/opt/airflow/dags/dag_example2.py", line 3, in <module>
    from airflow.providers.smtp.operators.email import EmailOperator
ModuleNotFoundError: No module named 'airflow.providers.smtp'
[2025-10-28T01:33:08.462+0000] {processor.py:841} WARNING - No viable dags retrieved from /opt/airflow/dags/dag_example2.py
[2025-10-28T01:33:08.486+0000] {processor.py:179} INFO - Processing /opt/airflow/dags/dag_example2.py took 0.042 seconds
[2025-10-28T01:33:38.794+0000] {processor.py:157} INFO - Started process (PID=159) to work on /opt/airflow/dags/dag_example2.py
[2025-10-28T01:33:38.796+0000] {processor.py:829} INFO - Processing file /opt/airflow/dags/dag_example2.py for tasks to queue
[2025-10-28T01:33:38.805+0000] {logging_mixin.py:151} INFO - [2025-10-28T01:33:38.803+0000] {dagbag.py:539} INFO - Filling up the DagBag from /opt/airflow/dags/dag_example2.py
[2025-10-28T01:33:38.811+0000] {logging_mixin.py:151} INFO - [2025-10-28T01:33:38.809+0000] {dagbag.py:347} ERROR - Failed to import: /opt/airflow/dags/dag_example2.py
Traceback (most recent call last):
  File "/home/airflow/.local/lib/python3.8/site-packages/airflow/models/dagbag.py", line 343, in parse
    loader.exec_module(new_module)
  File "<frozen importlib._bootstrap_external>", line 843, in exec_module
  File "<frozen importlib._bootstrap>", line 219, in _call_with_frames_removed
  File "/opt/airflow/dags/dag_example2.py", line 3, in <module>
    from airflow.providers.smtp.operators.email import EmailOperator
ModuleNotFoundError: No module named 'airflow.providers.smtp'
[2025-10-28T01:33:38.811+0000] {processor.py:841} WARNING - No viable dags retrieved from /opt/airflow/dags/dag_example2.py
[2025-10-28T01:33:38.838+0000] {processor.py:179} INFO - Processing /opt/airflow/dags/dag_example2.py took 0.050 seconds
[2025-10-28T01:34:09.193+0000] {processor.py:157} INFO - Started process (PID=168) to work on /opt/airflow/dags/dag_example2.py
[2025-10-28T01:34:09.195+0000] {processor.py:829} INFO - Processing file /opt/airflow/dags/dag_example2.py for tasks to queue
[2025-10-28T01:34:09.203+0000] {logging_mixin.py:151} INFO - [2025-10-28T01:34:09.202+0000] {dagbag.py:539} INFO - Filling up the DagBag from /opt/airflow/dags/dag_example2.py
[2025-10-28T01:34:09.211+0000] {logging_mixin.py:151} INFO - [2025-10-28T01:34:09.209+0000] {dagbag.py:347} ERROR - Failed to import: /opt/airflow/dags/dag_example2.py
Traceback (most recent call last):
  File "/home/airflow/.local/lib/python3.8/site-packages/airflow/models/dagbag.py", line 343, in parse
    loader.exec_module(new_module)
  File "<frozen importlib._bootstrap_external>", line 843, in exec_module
  File "<frozen importlib._bootstrap>", line 219, in _call_with_frames_removed
  File "/opt/airflow/dags/dag_example2.py", line 3, in <module>
    from airflow.providers.smtp.operators.email import EmailOperator
ModuleNotFoundError: No module named 'airflow.providers.smtp'
[2025-10-28T01:34:09.211+0000] {processor.py:841} WARNING - No viable dags retrieved from /opt/airflow/dags/dag_example2.py
[2025-10-28T01:34:09.237+0000] {processor.py:179} INFO - Processing /opt/airflow/dags/dag_example2.py took 0.052 seconds
[2025-10-28T01:34:39.555+0000] {processor.py:157} INFO - Started process (PID=177) to work on /opt/airflow/dags/dag_example2.py
[2025-10-28T01:34:39.557+0000] {processor.py:829} INFO - Processing file /opt/airflow/dags/dag_example2.py for tasks to queue
[2025-10-28T01:34:39.562+0000] {logging_mixin.py:151} INFO - [2025-10-28T01:34:39.561+0000] {dagbag.py:539} INFO - Filling up the DagBag from /opt/airflow/dags/dag_example2.py
[2025-10-28T01:34:39.570+0000] {logging_mixin.py:151} INFO - [2025-10-28T01:34:39.568+0000] {dagbag.py:347} ERROR - Failed to import: /opt/airflow/dags/dag_example2.py
Traceback (most recent call last):
  File "/home/airflow/.local/lib/python3.8/site-packages/airflow/models/dagbag.py", line 343, in parse
    loader.exec_module(new_module)
  File "<frozen importlib._bootstrap_external>", line 843, in exec_module
  File "<frozen importlib._bootstrap>", line 219, in _call_with_frames_removed
  File "/opt/airflow/dags/dag_example2.py", line 3, in <module>
    from airflow.providers.smtp.operators.email import EmailOperator
ModuleNotFoundError: No module named 'airflow.providers.smtp'
[2025-10-28T01:34:39.571+0000] {processor.py:841} WARNING - No viable dags retrieved from /opt/airflow/dags/dag_example2.py
[2025-10-28T01:34:39.603+0000] {processor.py:179} INFO - Processing /opt/airflow/dags/dag_example2.py took 0.056 seconds
[2025-10-28T01:35:22.983+0000] {processor.py:157} INFO - Started process (PID=179) to work on /opt/airflow/dags/dag_example2.py
[2025-10-28T01:35:27.080+0000] {processor.py:829} INFO - Processing file /opt/airflow/dags/dag_example2.py for tasks to queue
[2025-10-28T01:35:36.370+0000] {logging_mixin.py:151} INFO - [2025-10-28T01:35:36.321+0000] {dagbag.py:539} INFO - Filling up the DagBag from /opt/airflow/dags/dag_example2.py
[2025-10-28T01:35:57.063+0000] {logging_mixin.py:151} INFO - [2025-10-28T01:35:48.975+0000] {dagbag.py:347} ERROR - Failed to import: /opt/airflow/dags/dag_example2.py
Traceback (most recent call last):
  File "/home/airflow/.local/lib/python3.8/site-packages/airflow/models/dagbag.py", line 343, in parse
    loader.exec_module(new_module)
  File "<frozen importlib._bootstrap_external>", line 843, in exec_module
  File "<frozen importlib._bootstrap>", line 219, in _call_with_frames_removed
  File "/opt/airflow/dags/dag_example2.py", line 3, in <module>
    from airflow.providers.smtp.operators.email import EmailOperator
ModuleNotFoundError: No module named 'airflow.providers.smtp'
[2025-10-28T01:36:00.230+0000] {processor.py:841} WARNING - No viable dags retrieved from /opt/airflow/dags/dag_example2.py
[2025-10-28T01:36:08.233+0000] {processor.py:179} INFO - Processing /opt/airflow/dags/dag_example2.py took 46.550 seconds
[2025-10-28T01:36:39.285+0000] {processor.py:157} INFO - Started process (PID=188) to work on /opt/airflow/dags/dag_example2.py
[2025-10-28T01:36:39.287+0000] {processor.py:829} INFO - Processing file /opt/airflow/dags/dag_example2.py for tasks to queue
[2025-10-28T01:36:39.293+0000] {logging_mixin.py:151} INFO - [2025-10-28T01:36:39.293+0000] {dagbag.py:539} INFO - Filling up the DagBag from /opt/airflow/dags/dag_example2.py
[2025-10-28T01:36:39.304+0000] {logging_mixin.py:151} INFO - [2025-10-28T01:36:39.301+0000] {dagbag.py:347} ERROR - Failed to import: /opt/airflow/dags/dag_example2.py
Traceback (most recent call last):
  File "/home/airflow/.local/lib/python3.8/site-packages/airflow/models/dagbag.py", line 343, in parse
    loader.exec_module(new_module)
  File "<frozen importlib._bootstrap_external>", line 843, in exec_module
  File "<frozen importlib._bootstrap>", line 219, in _call_with_frames_removed
  File "/opt/airflow/dags/dag_example2.py", line 3, in <module>
    from airflow.providers.smtp.operators.email import EmailOperator
ModuleNotFoundError: No module named 'airflow.providers.smtp'
[2025-10-28T01:36:39.305+0000] {processor.py:841} WARNING - No viable dags retrieved from /opt/airflow/dags/dag_example2.py
[2025-10-28T01:36:39.343+0000] {processor.py:179} INFO - Processing /opt/airflow/dags/dag_example2.py took 0.071 seconds
[2025-10-28T01:37:09.568+0000] {processor.py:157} INFO - Started process (PID=197) to work on /opt/airflow/dags/dag_example2.py
[2025-10-28T01:37:09.570+0000] {processor.py:829} INFO - Processing file /opt/airflow/dags/dag_example2.py for tasks to queue
[2025-10-28T01:37:09.575+0000] {logging_mixin.py:151} INFO - [2025-10-28T01:37:09.575+0000] {dagbag.py:539} INFO - Filling up the DagBag from /opt/airflow/dags/dag_example2.py
[2025-10-28T01:37:09.585+0000] {logging_mixin.py:151} INFO - [2025-10-28T01:37:09.582+0000] {dagbag.py:347} ERROR - Failed to import: /opt/airflow/dags/dag_example2.py
Traceback (most recent call last):
  File "/home/airflow/.local/lib/python3.8/site-packages/airflow/models/dagbag.py", line 343, in parse
    loader.exec_module(new_module)
  File "<frozen importlib._bootstrap_external>", line 843, in exec_module
  File "<frozen importlib._bootstrap>", line 219, in _call_with_frames_removed
  File "/opt/airflow/dags/dag_example2.py", line 3, in <module>
    from airflow.providers.smtp.operators.email import EmailOperator
ModuleNotFoundError: No module named 'airflow.providers.smtp'
[2025-10-28T01:37:09.587+0000] {processor.py:841} WARNING - No viable dags retrieved from /opt/airflow/dags/dag_example2.py
[2025-10-28T01:37:09.632+0000] {processor.py:179} INFO - Processing /opt/airflow/dags/dag_example2.py took 0.071 seconds
[2025-10-28T01:37:39.830+0000] {processor.py:157} INFO - Started process (PID=206) to work on /opt/airflow/dags/dag_example2.py
[2025-10-28T01:37:39.833+0000] {processor.py:829} INFO - Processing file /opt/airflow/dags/dag_example2.py for tasks to queue
[2025-10-28T01:37:39.840+0000] {logging_mixin.py:151} INFO - [2025-10-28T01:37:39.839+0000] {dagbag.py:539} INFO - Filling up the DagBag from /opt/airflow/dags/dag_example2.py
[2025-10-28T01:37:39.847+0000] {logging_mixin.py:151} INFO - [2025-10-28T01:37:39.844+0000] {dagbag.py:347} ERROR - Failed to import: /opt/airflow/dags/dag_example2.py
Traceback (most recent call last):
  File "/home/airflow/.local/lib/python3.8/site-packages/airflow/models/dagbag.py", line 343, in parse
    loader.exec_module(new_module)
  File "<frozen importlib._bootstrap_external>", line 843, in exec_module
  File "<frozen importlib._bootstrap>", line 219, in _call_with_frames_removed
  File "/opt/airflow/dags/dag_example2.py", line 3, in <module>
    from airflow.providers.smtp.operators.email import EmailOperator
ModuleNotFoundError: No module named 'airflow.providers.smtp'
[2025-10-28T01:37:39.848+0000] {processor.py:841} WARNING - No viable dags retrieved from /opt/airflow/dags/dag_example2.py
[2025-10-28T01:37:39.882+0000] {processor.py:179} INFO - Processing /opt/airflow/dags/dag_example2.py took 0.058 seconds
[2025-10-28T01:38:10.062+0000] {processor.py:157} INFO - Started process (PID=215) to work on /opt/airflow/dags/dag_example2.py
[2025-10-28T01:38:10.066+0000] {processor.py:829} INFO - Processing file /opt/airflow/dags/dag_example2.py for tasks to queue
[2025-10-28T01:38:10.069+0000] {logging_mixin.py:151} INFO - [2025-10-28T01:38:10.068+0000] {dagbag.py:539} INFO - Filling up the DagBag from /opt/airflow/dags/dag_example2.py
[2025-10-28T01:38:10.083+0000] {logging_mixin.py:151} INFO - [2025-10-28T01:38:10.081+0000] {dagbag.py:347} ERROR - Failed to import: /opt/airflow/dags/dag_example2.py
Traceback (most recent call last):
  File "/home/airflow/.local/lib/python3.8/site-packages/airflow/models/dagbag.py", line 343, in parse
    loader.exec_module(new_module)
  File "<frozen importlib._bootstrap_external>", line 843, in exec_module
  File "<frozen importlib._bootstrap>", line 219, in _call_with_frames_removed
  File "/opt/airflow/dags/dag_example2.py", line 3, in <module>
    from airflow.providers.smtp.operators.email import EmailOperator
ModuleNotFoundError: No module named 'airflow.providers.smtp'
[2025-10-28T01:38:10.083+0000] {processor.py:841} WARNING - No viable dags retrieved from /opt/airflow/dags/dag_example2.py
[2025-10-28T01:38:10.104+0000] {processor.py:179} INFO - Processing /opt/airflow/dags/dag_example2.py took 0.048 seconds
[2025-10-28T01:38:40.336+0000] {processor.py:157} INFO - Started process (PID=224) to work on /opt/airflow/dags/dag_example2.py
[2025-10-28T01:38:40.337+0000] {processor.py:829} INFO - Processing file /opt/airflow/dags/dag_example2.py for tasks to queue
[2025-10-28T01:38:40.342+0000] {logging_mixin.py:151} INFO - [2025-10-28T01:38:40.341+0000] {dagbag.py:539} INFO - Filling up the DagBag from /opt/airflow/dags/dag_example2.py
[2025-10-28T01:38:40.351+0000] {logging_mixin.py:151} INFO - [2025-10-28T01:38:40.348+0000] {dagbag.py:347} ERROR - Failed to import: /opt/airflow/dags/dag_example2.py
Traceback (most recent call last):
  File "/home/airflow/.local/lib/python3.8/site-packages/airflow/models/dagbag.py", line 343, in parse
    loader.exec_module(new_module)
  File "<frozen importlib._bootstrap_external>", line 843, in exec_module
  File "<frozen importlib._bootstrap>", line 219, in _call_with_frames_removed
  File "/opt/airflow/dags/dag_example2.py", line 3, in <module>
    from airflow.providers.smtp.operators.email import EmailOperator
ModuleNotFoundError: No module named 'airflow.providers.smtp'
[2025-10-28T01:38:40.351+0000] {processor.py:841} WARNING - No viable dags retrieved from /opt/airflow/dags/dag_example2.py
[2025-10-28T01:38:40.401+0000] {processor.py:179} INFO - Processing /opt/airflow/dags/dag_example2.py took 0.072 seconds
[2025-10-28T01:39:20.307+0000] {processor.py:157} INFO - Started process (PID=226) to work on /opt/airflow/dags/dag_example2.py
[2025-10-28T01:39:20.356+0000] {processor.py:829} INFO - Processing file /opt/airflow/dags/dag_example2.py for tasks to queue
[2025-10-28T01:39:21.114+0000] {logging_mixin.py:151} INFO - [2025-10-28T01:39:20.639+0000] {dagbag.py:539} INFO - Filling up the DagBag from /opt/airflow/dags/dag_example2.py
[2025-10-28T01:39:28.090+0000] {logging_mixin.py:151} INFO - [2025-10-28T01:39:27.564+0000] {dagbag.py:347} ERROR - Failed to import: /opt/airflow/dags/dag_example2.py
Traceback (most recent call last):
  File "/home/airflow/.local/lib/python3.8/site-packages/airflow/models/dagbag.py", line 343, in parse
    loader.exec_module(new_module)
  File "<frozen importlib._bootstrap_external>", line 843, in exec_module
  File "<frozen importlib._bootstrap>", line 219, in _call_with_frames_removed
  File "/opt/airflow/dags/dag_example2.py", line 3, in <module>
    from airflow.providers.smtp.operators.email import EmailOperator
ModuleNotFoundError: No module named 'airflow.providers.smtp'
[2025-10-28T01:39:28.563+0000] {processor.py:841} WARNING - No viable dags retrieved from /opt/airflow/dags/dag_example2.py
[2025-10-28T01:39:30.479+0000] {processor.py:179} INFO - Processing /opt/airflow/dags/dag_example2.py took 10.182 seconds
